,load_MW,hour_float,clear_sky_ghi,cloud_cover,ghi,pv_MW,net_load_MW
2024-06-01 00:00:00,18.763743183030037,0.0,0.0,0.28557315946150014,0.0,0.0,18.763743183030037
2024-06-01 01:00:00,16.440023840639256,1.0,0.0,0.46920282860239537,0.0,0.0,16.440023840639256
2024-06-01 02:00:00,19.432344357108075,2.0,0.0,0.0,0.0,0.0,19.432344357108075
2024-06-01 03:00:00,20.61661844052687,3.0,0.0,0.07550419651450105,0.0,0.0,20.61661844052687
2024-06-01 04:00:00,17.70948618634032,4.0,0.0,0.16156703371570985,0.0,0.0,17.70948618634032
2024-06-01 05:00:00,20.546730739706522,5.0,0.0,0.5191768300080493,0.0,0.0,20.546730739706522
2024-06-01 06:00:00,24.862389198828243,6.0,195.09032201612825,0.34238804743789447,141.65304647282247,7.082652323641122,17.77973687518712
2024-06-01 07:00:00,26.525636111484626,7.0,382.6834323650898,0.415097586069184,255.60265716235486,12.78013285811774,13.745503253366886
2024-06-01 08:00:00,29.30416966966625,8.0,555.5702330196021,0.1289758621310654,498.24611319715405,24.912305659857697,4.391864009808554
2024-06-01 09:00:00,30.22043410863963,9.0,707.1067811865476,0.13206961870942105,632.3969228040248,31.619846140201236,0.0
2024-06-01 10:00:00,34.683057992973175,10.0,831.4696123025452,0.36717205750840654,587.2356856586711,29.36178428293355,5.321273710039627
2024-06-01 11:00:00,35.96091653720337,11.0,923.8795325112867,0.30874114964031696,695.6878293139321,34.784391465696594,1.1765250715067737
2024-06-01 12:00:00,35.79237848294344,12.0,980.7852804032304,0.382310822829619,680.8134183471203,34.04067091735602,1.7517075655874237
2024-06-01 13:00:00,37.69086181045205,13.0,1000.0,0.2718493513607322,782.5205189114142,39.12602594557071,0.0
2024-06-01 14:00:00,36.39459644997968,14.0,980.7852804032304,0.341721558968194,712.660900377271,35.63304501886354,0.7615514311161391
2024-06-01 15:00:00,33.50528993973509,15.0,923.8795325112867,0.32371786273576636,684.6184863593885,34.23092431796942,0.0
2024-06-01 16:00:00,33.91708720680268,16.0,831.4696123025453,0.4166651083627388,554.3141114142538,27.71570557071269,6.201381636089987
2024-06-01 17:00:00,30.0616760987565,17.0,707.1067811865476,0.42105124229167057,468.9242302653792,23.44621151326896,6.6154645854875405
2024-06-01 18:00:00,30.647046857883602,18.0,555.5702330196021,0.05701920084123452,530.2276964612372,26.511384823061857,4.135662034821745
2024-06-01 19:00:00,26.92511113352062,19.0,382.6834323650899,0.0,382.6834323650899,19.134171618254495,7.790939515266125
2024-06-01 20:00:00,24.39333504875942,20.0,195.0903220161286,0.45026180964772605,124.81694486753685,6.240847243376842,18.152487805382577
2024-06-01 21:00:00,21.478605683394093,21.0,1.2246467991473532e-13,0.47815876398929047,7.561863193043618e-14,3.780931596521808e-15,21.47860568339409
2024-06-01 22:00:00,22.46985097733212,22.0,0.0,0.14690654707299938,0.0,0.0,22.46985097733212
2024-06-01 23:00:00,18.973977142836848,23.0,0.0,0.021024689018155684,0.0,0.0,18.973977142836848
2024-06-02 00:00:00,17.664175830153727,0.0,0.0,0.356437561314632,0.0,0.0,17.664175830153727
2024-06-02 01:00:00,17.471799674267654,1.0,0.0,0.48120807211613126,0.0,0.0,17.471799674267654
2024-06-02 02:00:00,19.105131341728413,2.0,0.0,0.611221516528699,0.0,0.0,19.105131341728413
2024-06-02 03:00:00,19.75393746248617,3.0,0.0,0.41902697397876953,0.0,0.0,19.75393746248617
2024-06-02 04:00:00,21.255137886715058,4.0,0.0,0.28582483367569766,0.0,0.0,21.255137886715058
2024-06-02 05:00:00,23.146231504511825,5.0,0.0,0.2076127449258225,0.0,0.0,23.146231504511825
2024-06-02 06:00:00,27.883099995383006,6.0,195.09032201612825,0.34330003191415004,141.51071099670534,7.075535549835266,20.80756444554774
2024-06-02 07:00:00,26.390377475423076,7.0,382.6834323650898,0.2966926325807634,291.85194837033697,14.592597418516846,11.79778005690623
2024-06-02 08:00:00,28.56100731231538,8.0,555.5702330196021,0.18932215230422947,471.42483120245544,23.57124156012277,4.989765752192611
2024-06-02 09:00:00,30.279340907628182,9.0,707.1067811865476,0.6488956857930448,340.0359494209817,17.00179747104908,13.277543436579101
2024-06-02 10:00:00,34.287930164542175,10.0,831.4696123025452,0.6093575984743715,426.1397513768686,21.30698756884343,12.980942595698746
2024-06-02 11:00:00,36.48768707314129,11.0,923.8795325112867,0.5119896406968661,545.4661325931728,27.273306629658634,9.214380443482654
2024-06-02 12:00:00,35.522411250119305,12.0,980.7852804032304,0.20345477849218274,821.1489188249643,41.05744594124821,0.0
2024-06-02 13:00:00,34.739765284556206,13.0,1000.0,0.46983523680814365,624.131810553485,31.206590527674248,3.5331747568819587
2024-06-02 14:00:00,34.456610613064754,14.0,980.7852804032304,0.43752629958823713,637.4897968628809,31.87448984314404,2.5821207699207136
2024-06-02 15:00:00,35.770117815797,15.0,923.8795325112867,0.40796418179415983,622.3517264654163,31.11758632327081,4.65253149252619
2024-06-02 16:00:00,34.47884228748409,16.0,831.4696123025453,0.5290321282201185,479.5703014651274,23.978515073256364,10.500327214227728
2024-06-02 17:00:00,32.314731402457795,17.0,707.1067811865476,0.4368880095927435,459.9656018248496,22.998280091242478,9.316451311215317
2024-06-02 18:00:00,28.33110684498965,18.0,555.5702330196021,0.4525844736092022,354.4162638483074,17.720813192415367,10.610293652574285
2024-06-02 19:00:00,27.34824198460008,19.0,382.6834323650899,0.4371182806693834,248.86109316822078,12.443054658411038,14.905187326189042
2024-06-02 20:00:00,24.845657307788404,20.0,195.0903220161286,0.39270104936386774,133.80058267495374,6.690029133747687,18.155628174040718
2024-06-02 21:00:00,22.82803289509352,21.0,1.2246467991473532e-13,0.0740406687064244,1.1521078647969116e-13,5.760539323984557e-15,22.828032895093514
2024-06-02 22:00:00,21.943182136243358,22.0,0.0,0.35412549977513547,0.0,0.0,21.943182136243358
2024-06-02 23:00:00,19.541164689102075,23.0,0.0,0.2581535443361831,0.0,0.0,19.541164689102075
2024-06-03 00:00:00,21.35911208171716,0.0,0.0,0.18937118496915695,0.0,0.0,21.35911208171716
2024-06-03 01:00:00,20.101368604233336,1.0,0.0,0.6336198215102836,0.0,0.0,20.101368604233336
2024-06-03 02:00:00,20.774420835144294,2.0,0.0,0.6406966297480156,0.0,0.0,20.774420835144294
2024-06-03 03:00:00,22.286678300913426,3.0,0.0,0.5852304186595019,0.0,0.0,22.286678300913426
2024-06-03 04:00:00,20.743198458351024,4.0,0.0,0.4196293411435412,0.0,0.0,20.743198458351024
2024-06-03 05:00:00,24.520493175464047,5.0,0.0,0.5839410967580585,0.0,0.0,24.520493175464047
2024-06-03 06:00:00,26.7062505675356,6.0,195.09032201612825,0.3831553057054338,135.29040843831933,6.764520421915966,19.941730145619637
2024-06-03 07:00:00,29.041683227634987,7.0,382.6834323650898,0.4117669201498269,256.62232969521966,12.831116484760981,16.210566742874008
2024-06-03 08:00:00,32.17547707418518,8.0,555.5702330196021,0.2173266230458626,458.97807093403964,22.948903546701978,9.226573527483204
2024-06-03 09:00:00,37.24241196685159,9.0,707.1067811865476,0.44089602428998603,457.69832632763723,22.884916316381858,14.357495650469733
2024-06-03 10:00:00,35.77232113832561,10.0,831.4696123025452,0.3904052178788226,571.781552182069,28.589077609103448,7.18324352922216
2024-06-03 11:00:00,40.1126715697316,11.0,923.8795325112867,0.18594951108999036,786.4435746100686,39.322178730503424,0.7904928392281789
2024-06-03 12:00:00,37.134953605466976,12.0,980.7852804032304,0.3736677618426705,687.5950079420215,34.37975039710108,2.7552032083658986
2024-06-03 13:00:00,39.49767245502134,13.0,1000.0,0.36938789403663874,704.489684770689,35.224484238534444,4.2731882164868935
2024-06-03 14:00:00,39.903387860548186,14.0,980.7852804032304,0.650981503611856,470.0068191574138,23.500340957870687,16.4030469026775
2024-06-03 15:00:00,39.5395875348833,15.0,923.8795325112867,0.5154793278921714,542.8868921334853,27.144344606674263,12.39524292820904
2024-06-03 16:00:00,38.13790768155476,16.0,831.4696123025453,0.38306414447887993,576.664655745057,28.833232787252843,9.304674894301915
2024-06-03 17:00:00,36.19002085279989,17.0,707.1067811865476,0.41866542508532245,470.2738522856035,23.51369261428017,12.67632823851972
2024-06-03 18:00:00,32.06510284265256,18.0,555.5702330196021,0.38797918533078973,383.1304838988163,19.15652419494081,12.908578647711746
2024-06-03 19:00:00,29.306472311003148,19.0,382.6834323650899,0.35091023089582785,275.2534070760966,13.762670353804829,15.543801957198319
2024-06-03 20:00:00,28.698773370860522,20.0,195.0903220161286,0.21898324900691699,160.9131119642106,8.045655598210528,20.653117772649992
2024-06-03 21:00:00,24.713043512677583,21.0,1.2246467991473532e-13,0.35868954697412064,8.732323946757764e-14,4.366161973378882e-15,24.71304351267758
2024-06-03 22:00:00,21.015402703127645,22.0,0.0,0.26943259011728304,0.0,0.0,21.015402703127645
2024-06-03 23:00:00,19.639815141150393,23.0,0.0,0.19379999777668808,0.0,0.0,19.639815141150393
2024-06-04 00:00:00,18.961563308106903,0.0,0.0,0.4942403226406248,0.0,0.0,18.961563308106903
2024-06-04 01:00:00,20.745741116080644,1.0,0.0,0.47624674944847983,0.0,0.0,20.745741116080644
2024-06-04 02:00:00,20.554380341215168,2.0,0.0,0.14955092375328294,0.0,0.0,20.554380341215168
2024-06-04 03:00:00,22.375473993257266,3.0,0.0,0.3991543548342255,0.0,0.0,22.375473993257266
2024-06-04 04:00:00,22.288053218629724,4.0,0.0,0.5669122583434831,0.0,0.0,22.288053218629724
2024-06-04 05:00:00,25.23780953661507,5.0,0.0,0.5764406112929428,0.0,0.0,25.23780953661507
2024-06-04 06:00:00,28.3501951399258,6.0,195.09032201612825,0.5714325768912805,105.90554966714755,5.295277483357378,23.05491765656842
2024-06-04 07:00:00,29.535980190419643,7.0,382.6834323650898,0.4233940314937136,253.062727393164,12.653136369658197,16.882843820761444
2024-06-04 08:00:00,33.273353307361326,8.0,555.5702330196021,0.2908002512631219,426.32226233447295,21.316113116723646,11.95724019063768
2024-06-04 09:00:00,34.00711108840002,9.0,707.1067811865476,0.25500222635478553,562.855738408039,28.142786920401946,5.8643241679980775
2024-06-04 10:00:00,36.52648704201787,10.0,831.4696123025452,0.46924778617104823,519.3373924293699,25.966869621468486,10.559617420549383
2024-06-04 11:00:00,38.08764719684689,11.0,923.8795325112867,0.47444905561326906,573.2125151509599,28.660625757547994,9.427021439298894
2024-06-04 12:00:00,37.86549879450712,12.0,980.7852804032304,0.6106567171992544,501.6467847165209,25.08233923582604,12.783159558681078
2024-06-04 13:00:00,40.73045872117837,13.0,1000.0,0.5825539980098071,533.9568015921543,26.69784007960771,14.03261864157066
2024-06-04 14:00:00,38.955154752586594,14.0,980.7852804032304,0.3977227519788188,668.7207837453983,33.43603918726991,5.519115565316682
2024-06-04 15:00:00,38.67899521593592,15.0,923.8795325112867,0.23092616862936421,753.201163936951,37.66005819684755,1.0189370190883693
2024-06-04 16:00:00,37.79218780022434,16.0,831.4696123025453,0.36969106090685994,585.5601058353906,29.278005291769524,8.514182508454816
2024-06-04 17:00:00,35.66979676404492,17.0,707.1067811865476,0.4501417296800733,452.46816554509024,22.623408277254512,13.046388486790406
2024-06-04 18:00:00,33.58626811448439,18.0,555.5702330196021,0.38724456365008403,383.4569910494811,19.17284955247405,14.413418562010339
2024-06-04 19:00:00,29.852271773235863,19.0,382.6834323650899,0.3308729342468463,281.3877602416564,14.069388012082817,15.782883761153046
2024-06-04 20:00:00,26.77686208090856,20.0,195.0903220161286,0.45548977270397945,124.00100487063054,6.200050243531526,20.576811837377036
2024-06-04 21:00:00,24.880422683640404,21.0,1.2246467991473532e-13,0.34196338924690306,8.89619303093913e-14,4.4480965154695644e-15,24.8804226836404
2024-06-04 22:00:00,20.39793053719748,22.0,0.0,0.3233471378996885,0.0,0.0,20.39793053719748
2024-06-04 23:00:00,19.16907725352098,23.0,0.0,0.46427497560401054,0.0,0.0,19.16907725352098
2024-06-05 00:00:00,18.356692318577714,0.0,0.0,0.3883300780760981,0.0,0.0,18.356692318577714
2024-06-05 01:00:00,18.504129758597777,1.0,0.0,0.4852446234422316,0.0,0.0,18.504129758597777
2024-06-05 02:00:00,20.940403077194475,2.0,0.0,0.4896095685232972,0.0,0.0,20.940403077194475
2024-06-05 03:00:00,19.981527379115523,3.0,0.0,0.2777146149317426,0.0,0.0,19.981527379115523
2024-06-05 04:00:00,22.36168835707544,4.0,0.0,0.376442796515667,0.0,0.0,22.36168835707544
2024-06-05 05:00:00,26.948842446679098,5.0,0.0,0.6642955060829481,0.0,0.0,26.948842446679098
2024-06-05 06:00:00,26.877413592382656,6.0,195.09032201612825,0.2743170381853357,152.27704256485808,7.613852128242902,19.263561464139755
2024-06-05 07:00:00,31.10627335270063,7.0,382.6834323650898,0.13113079774989916,342.53816534772676,17.126908267386337,13.979365085314292
2024-06-05 08:00:00,31.18776393101039,8.0,555.5702330196021,0.16935219210910207,480.30060355365475,24.015030177682736,7.172733753327655
2024-06-05 09:00:00,34.691843663198554,9.0,707.1067811865476,0.45299545708197914,450.85385354705386,22.54269267735269,12.149150985845864
2024-06-05 10:00:00,35.646034729499604,10.0,831.4696123025452,0.45326655680038364,529.9677177005256,26.498385885026273,9.14764884447333
2024-06-05 11:00:00,38.151704423993536,11.0,923.8795325112867,0.43098733678171064,605.3352291319495,30.266761456597468,7.884942967396068
2024-06-05 12:00:00,40.91972046907677,12.0,980.7852804032304,0.630757439434754,485.8751907212793,24.293759536063963,16.62596093301281
2024-06-05 13:00:00,37.40901936521148,13.0,1000.0,0.04770380013003811,961.8369598959695,48.091847994798464,0.0
2024-06-05 14:00:00,40.310893728209464,14.0,980.7852804032304,0.5080190462601023,582.1791982141136,29.10895991070568,11.201933817503786
2024-06-05 15:00:00,39.01685744134281,15.0,923.8795325112867,0.6828446953660148,419.1865421652341,20.9593271082617,18.057530333081107
2024-06-05 16:00:00,36.17984287832029,16.0,831.4696123025453,0.27946185036172166,645.5783832036552,32.27891916018275,3.900923718137534
2024-06-05 17:00:00,32.830913218417315,17.0,707.1067811865476,0.3916579883269945,485.55156562502793,24.277578281251394,8.553334937165921
2024-06-05 18:00:00,32.696384712596014,18.0,555.5702330196021,0.33569517751118566,406.3684346248452,20.318421731242253,12.377962981353761
2024-06-05 19:00:00,29.205760936404296,19.0,382.6834323650899,0.31447705818384947,286.4073043443926,14.320365217219628,14.885395719184668
2024-06-05 20:00:00,27.760823866006845,20.0,195.0903220161286,0.3996896643420228,132.70985375772574,6.635492687886286,21.12533117812056
2024-06-05 21:00:00,25.032778218285166,21.0,1.2246467991473532e-13,0.6627517576481545,5.753373442408774e-14,2.8766867212043867e-15,25.032778218285163
2024-06-05 22:00:00,25.331600525115903,22.0,0.0,0.7242369664186068,0.0,0.0,25.331600525115903
2024-06-05 23:00:00,20.980712520946078,23.0,0.0,0.3982380813394566,0.0,0.0,20.980712520946078
2024-06-06 00:00:00,18.805495498176523,0.0,0.0,0.7589641128665583,0.0,0.0,18.805495498176523
2024-06-06 01:00:00,20.268913452434475,1.0,0.0,0.47854155230458145,0.0,0.0,20.268913452434475
2024-06-06 02:00:00,20.670736763066966,2.0,0.0,0.7362587347620498,0.0,0.0,20.670736763066966
2024-06-06 03:00:00,23.378527325016268,3.0,0.0,0.45921028330886393,0.0,0.0,23.378527325016268
2024-06-06 04:00:00,24.18159905700639,4.0,0.0,0.4928637546638094,0.0,0.0,24.18159905700639
2024-06-06 05:00:00,25.535306588724264,5.0,0.0,0.5280262516533129,0.0,0.0,25.535306588724264
2024-06-06 06:00:00,29.60676388580414,6.0,195.09032201612825,0.9500331326620179,46.816506194508904,2.3408253097254446,27.265938576078693
2024-06-06 07:00:00,28.216855418515724,7.0,382.6834323650898,0.6008979169836061,198.72049046723447,9.936024523361722,18.280830895154004
2024-06-06 08:00:00,31.628563151900583,8.0,555.5702330196021,0.3671154012641682,392.4035217992672,19.62017608996336,12.008387061937224
2024-06-06 09:00:00,33.61013608789171,9.0,707.1067811865476,0.6185547612982664,357.1993681871632,17.85996840935816,15.75016767853355
2024-06-06 10:00:00,36.486353107131826,10.0,831.4696123025452,0.4189302001942365,552.8074273926816,27.640371369634074,8.845981737497752
2024-06-06 11:00:00,36.59522481650992,11.0,923.8795325112867,0.3997425533217064,628.4283618811057,31.42141809405528,5.173806722454639
2024-06-06 12:00:00,40.61198468311229,12.0,980.7852804032304,0.6094952847407044,502.5580774041436,25.127903870207177,15.484080812905113
2024-06-06 13:00:00,39.66666595435184,13.0,1000.0,0.47786791892256064,617.7056648619514,30.885283243097565,8.781382711254277
2024-06-06 14:00:00,37.4530488211367,14.0,980.7852804032304,0.5149914679336587,576.7084393771627,28.83542196885813,8.617626852278566
2024-06-06 15:00:00,37.136885416033074,15.0,923.8795325112867,0.4753028640366816,572.5814622492986,28.629073112464926,8.507812303568148
2024-06-06 16:00:00,37.54133858304077,16.0,831.4696123025453,0.523692549747703,483.1220592589821,24.156102962949102,13.385235620091667
2024-06-06 17:00:00,36.257189851841574,17.0,707.1067811865476,0.5369499653723101,403.36201184843367,20.16810059242168,16.089089259419893
2024-06-06 18:00:00,35.583286788562894,18.0,555.5702330196021,0.18266004085107546,474.3858478524005,23.719292392620023,11.863994395942871
2024-06-06 19:00:00,34.370793699010996,19.0,382.6834323650899,0.5731909810483178,207.20287874246316,10.360143937123157,24.01064976188784
2024-06-06 20:00:00,28.033423698888786,20.0,195.0903220161286,0.3259021677823426,144.22603492939933,7.211301746469966,20.82212195241882
2024-06-06 21:00:00,23.515692819952207,21.0,1.2246467991473532e-13,0.256860210422976,9.729963715291027e-14,4.864981857645513e-15,23.515692819952204
2024-06-06 22:00:00,19.730862767037564,22.0,0.0,0.46444339417808533,0.0,0.0,19.730862767037564
2024-06-06 23:00:00,21.741313155671367,23.0,0.0,0.48580223125405586,0.0,0.0,21.741313155671367
2024-06-07 00:00:00,19.12133009414383,0.0,0.0,0.38618537857318863,0.0,0.0,19.12133009414383
2024-06-07 01:00:00,19.376964109730473,1.0,0.0,0.6148660819092269,0.0,0.0,19.376964109730473
2024-06-07 02:00:00,19.422596538519606,2.0,0.0,0.2888850283033947,0.0,0.0,19.422596538519606
2024-06-07 03:00:00,21.128559632531037,3.0,0.0,0.42916974094314686,0.0,0.0,21.128559632531037
2024-06-07 04:00:00,24.52790253431599,4.0,0.0,0.4024801830190806,0.0,0.0,24.52790253431599
2024-06-07 05:00:00,25.235572851168016,5.0,0.0,0.48322321270812985,0.0,0.0,25.235572851168016
2024-06-07 06:00:00,27.173857293416763,6.0,195.09032201612825,0.5320409459561165,112.05349043825285,5.6026745219126415,21.57118277150412
2024-06-07 07:00:00,28.446519370761283,7.0,382.6834323650898,0.339027360815499,278.8913090830475,13.944565454152372,14.501953916608912
2024-06-07 08:00:00,30.07616603396867,8.0,555.5702330196021,0.5988537048774649,289.4059991288619,14.470299956443093,15.605866077525576
2024-06-07 09:00:00,34.27053813639,9.0,707.1067811865476,0.49966165850923566,424.45546356190954,21.222773178095476,13.047764958294525
2024-06-07 10:00:00,36.99039398563799,10.0,831.4696123025452,0.2064193652622442,694.1644686174767,34.708223430873836,2.282170554764157
2024-06-07 11:00:00,41.312148908214205,11.0,923.8795325112867,0.19642258719947608,778.7028860820792,38.93514430410396,2.3770046041102475
2024-06-07 12:00:00,39.85467004510001,12.0,980.7852804032304,0.48836340931963407,597.6015657246426,29.880078286232123,9.974591758867884
2024-06-07 13:00:00,41.47410926653458,13.0,1000.0,0.45706620559107763,634.3470355271379,31.717351776356892,9.75675749017769
2024-06-07 14:00:00,38.91031486508195,14.0,980.7852804032304,0.4746982862228357,608.3236069952329,30.416180349761643,8.494134515320308
2024-06-07 15:00:00,36.88283838821885,15.0,923.8795325112867,0.48601393477949806,564.6648710248437,28.23324355124218,8.649594836976672
2024-06-07 16:00:00,35.62339266851692,16.0,831.4696123025453,0.5240452791855579,482.8874322118293,24.144371610591463,11.479021057925458
2024-06-07 17:00:00,33.91216090319637,17.0,707.1067811865476,0.6323587447362757,349.39065595004064,17.46953279750203,16.442628105694343
2024-06-07 18:00:00,35.78089504967796,18.0,555.5702330196021,0.323545568121397,411.7684036806709,20.588420184033538,15.19247486564442
2024-06-07 19:00:00,28.76791998116342,19.0,382.6834323650899,0.3144155643239115,286.42613048950494,14.321306524475245,14.446613456688175
2024-06-07 20:00:00,28.669543354579307,20.0,195.0903220161286,0.3262127245759233,144.17756562950817,7.208878281475407,21.4606650731039
2024-06-07 21:00:00,23.645609232869464,21.0,1.2246467991473532e-13,0.5335488033343367,7.019197317935162e-14,3.5095986589675806e-15,23.64560923286946
2024-06-07 22:00:00,24.326291707445893,22.0,0.0,0.6769534100559975,0.0,0.0,24.326291707445893
2024-06-07 23:00:00,21.91717241131441,23.0,0.0,0.42551038752310416,0.0,0.0,21.91717241131441
2024-06-08 00:00:00,18.07171071691125,0.0,0.0,0.12364940244970646,0.0,0.0,18.07171071691125
2024-06-08 01:00:00,17.93885621079685,1.0,0.0,0.24330544968209833,0.0,0.0,17.93885621079685
2024-06-08 02:00:00,17.3244860202543,2.0,0.0,0.3739488706542529,0.0,0.0,17.3244860202543
2024-06-08 03:00:00,19.874879668163175,3.0,0.0,0.41524504594937245,0.0,0.0,19.874879668163175
2024-06-08 04:00:00,19.953563748809906,4.0,0.0,0.43764608498544566,0.0,0.0,19.953563748809906
2024-06-08 05:00:00,20.661591354349127,5.0,0.0,0.5046915475207923,0.0,0.0,20.661591354349127
2024-06-08 06:00:00,22.753722232597884,6.0,195.09032201612825,0.4521424294502876,124.52343228923932,6.226171614461965,16.52755061813592
2024-06-08 07:00:00,27.258881876583178,7.0,382.6834323650898,0.6563053206551657,181.75769413485807,9.087884706742901,18.170997169840277
2024-06-08 08:00:00,31.69800829053834,8.0,555.5702330196021,0.39750178322144936,378.8981063555637,18.944905317778183,12.753102972760157
2024-06-08 09:00:00,31.73998742036016,9.0,707.1067811865476,0.3695566851523232,498.0539507033238,24.902697535166187,6.837289885193972
2024-06-08 10:00:00,33.186003541514104,10.0,831.4696123025452,0.5707357098517238,451.83009278444064,22.59150463922203,10.594498902292074
2024-06-08 11:00:00,35.22296784346376,11.0,923.8795325112867,0.26855806858473674,725.3872902263262,36.269364511316304,0.0
2024-06-08 12:00:00,37.65233504916185,12.0,980.7852804032304,0.557358134871655,543.4663567271364,27.173317836356816,10.479017212805033
2024-06-08 13:00:00,36.32907375204579,13.0,1000.0,0.5142873566325947,588.5701146939242,29.428505734696206,6.900568017349581
2024-06-08 14:00:00,35.07694159035101,14.0,980.7852804032304,0.47678800558592954,606.6839542020361,30.3341977101018,4.742743880249211
2024-06-08 15:00:00,36.453661699149784,15.0,923.8795325112867,0.7371457951460441,379.0524024215364,18.952620121076816,17.501041578072968
2024-06-08 16:00:00,34.00709568837135,16.0,831.4696123025453,0.40557326227944696,561.6921377843291,28.084606889216452,5.922488799154898
2024-06-08 17:00:00,33.80363398799399,17.0,707.1067811865476,0.8079491046522664,250.0617485839738,12.503087429198688,21.300546558795304
2024-06-08 18:00:00,29.60422306175555,18.0,555.5702330196021,0.46508966168943977,348.85825564375415,17.442912782187705,12.161310279567846
2024-06-08 19:00:00,25.16329645241925,19.0,382.6834323650899,0.3073519123281204,288.58864456213047,14.42943222810652,10.733864224312729
2024-06-08 20:00:00,22.618389795208813,20.0,195.0903220161286,0.5093923162228784,115.58831321255825,5.779415660627912,16.8389741345809
2024-06-08 21:00:00,24.97639189834688,21.0,1.2246467991473532e-13,0.33746759902583945,8.940239071770039e-14,4.4701195358850185e-15,24.976391898346876
2024-06-08 22:00:00,23.22153755049602,22.0,0.0,0.3861410019016296,0.0,0.0,23.22153755049602
2024-06-08 23:00:00,18.93649254601615,23.0,0.0,0.5584593740759783,0.0,0.0,18.93649254601615
2024-06-09 00:00:00,17.731886581694408,0.0,0.0,0.5822416923711734,0.0,0.0,17.731886581694408
2024-06-09 01:00:00,20.1921664383633,1.0,0.0,0.405579224035516,0.0,0.0,20.1921664383633
2024-06-09 02:00:00,16.646099040333155,2.0,0.0,0.6470151508306148,0.0,0.0,16.646099040333155
2024-06-09 03:00:00,17.863680837506312,3.0,0.0,0.6725305427768248,0.0,0.0,17.863680837506312
2024-06-09 04:00:00,21.601029161354642,4.0,0.0,0.7143496425581484,0.0,0.0,21.601029161354642
2024-06-09 05:00:00,21.908092315710615,5.0,0.0,0.578316390142513,0.0,0.0,21.908092315710615
2024-06-09 06:00:00,24.662945793997206,6.0,195.09032201612825,0.7034186858865095,85.30617966271953,4.265308983135976,20.39763681086123
2024-06-09 07:00:00,26.75483565221323,7.0,382.6834323650898,0.21678461487754608,316.31552796086305,15.81577639804315,10.93905925417008
2024-06-09 08:00:00,29.835733229121086,8.0,555.5702330196021,0.4512183967793853,355.0234251464386,17.75117125732193,12.084561971799157
2024-06-09 09:00:00,33.611222791970576,9.0,707.1067811865476,0.3688535906251408,498.45168102971246,24.92258405148562,8.688638740484954
2024-06-09 10:00:00,33.499838391031545,10.0,831.4696123025452,0.5167882582427635,487.71462612365065,24.385731306182528,9.114107084849017
2024-06-09 11:00:00,35.76013682397524,11.0,923.8795325112867,0.4131869961941441,618.4915254044157,30.924576270220783,4.835560553754455
2024-06-09 12:00:00,32.61807428505508,12.0,980.7852804032304,0.47398070278119486,608.8866432168509,30.44433216084254,2.1737421242125414
2024-06-09 13:00:00,35.926922397104825,13.0,1000.0,0.7812306111042622,375.01551111659023,18.75077555582951,17.176146841275315
2024-06-09 14:00:00,34.428487031162305,14.0,980.7852804032304,0.473446409610598,609.305864718564,30.465293235928193,3.963193795234112
2024-06-09 15:00:00,32.966009043424506,15.0,923.8795325112867,0.5609732266521867,509.2621865986704,25.463109329933516,7.50289971349099
2024-06-09 16:00:00,32.046732480285804,16.0,831.4696123025453,0.46406397958501944,522.7855345512394,26.139276727561967,5.907455752723838
2024-06-09 17:00:00,30.998814838948782,17.0,707.1067811865476,0.5102613722671797,418.4593599804066,20.922967999020326,10.075846839928456
2024-06-09 18:00:00,30.703225219456712,18.0,555.5702330196021,0.4998068811390654,333.4279726842172,16.671398634210856,14.031826585245856
2024-06-09 19:00:00,25.010410923390655,19.0,382.6834323650899,0.5661529889696286,209.35753711496798,10.467876855748399,14.542534067642256
2024-06-09 20:00:00,24.716575832968935,20.0,195.0903220161286,0.6737005094057312,89.94436255821341,4.49721812791067,20.219357705058265
2024-06-09 21:00:00,21.773745849999635,21.0,1.2246467991473532e-13,0.7460134787141541,4.937643840848965e-14,2.4688219204244823e-15,21.77374584999963
2024-06-09 22:00:00,20.144529327778134,22.0,0.0,0.5453473913600297,0.0,0.0,20.144529327778134
2024-06-09 23:00:00,20.709908103896957,23.0,0.0,0.587336411978995,0.0,0.0,20.709908103896957
2024-06-10 00:00:00,21.14791489261521,0.0,0.0,0.31758162688119573,0.0,0.0,21.14791489261521
2024-06-10 01:00:00,22.006097161164114,1.0,0.0,0.47702979189668765,0.0,0.0,22.006097161164114
2024-06-10 02:00:00,20.108983218234467,2.0,0.0,0.631254722991569,0.0,0.0,20.108983218234467
2024-06-10 03:00:00,20.29583204464956,3.0,0.0,0.6201065990216037,0.0,0.0,20.29583204464956
2024-06-10 04:00:00,22.593143962813777,4.0,0.0,0.5219527631782883,0.0,0.0,22.593143962813777
2024-06-10 05:00:00,25.363745186906833,5.0,0.0,0.6231703971942236,0.0,0.0,25.363745186906833
2024-06-10 06:00:00,27.67666958665536,6.0,195.09032201612825,0.5638263096081035,107.09267697404012,5.354633848702005,22.322035737953357
2024-06-10 07:00:00,28.37341789164995,7.0,382.6834323650898,0.6702572419979289,177.48635881682893,8.874317940841445,19.499099950808507
2024-06-10 08:00:00,32.72392512346702,8.0,555.5702330196021,0.5336151768025974,318.40166652438995,15.920083326219496,16.80384179724752
2024-06-10 09:00:00,35.34234249520836,9.0,707.1067811865476,0.4368565559233755,459.98339470717224,22.999169735358606,12.34317275984975
2024-06-10 10:00:00,40.847278868166356,10.0,831.4696123025452,0.5405874917989842,471.88395452517983,23.59419772625899,17.253081141907366
2024-06-10 11:00:00,41.475520954766885,11.0,923.8795325112867,0.05062214688111438,886.4645201950934,44.32322600975466,0.0
2024-06-10 12:00:00,38.379393237052454,12.0,980.7852804032304,0.5476441637167881,551.0882126655004,27.554410633275012,10.824982603777443
2024-06-10 13:00:00,39.56892495767624,13.0,1000.0,0.0,1000.0,49.99999999999999,0.0
2024-06-10 14:00:00,37.464095260135174,14.0,980.7852804032304,0.23169179214821806,798.9933609398568,39.949668046992834,0.0
2024-06-10 15:00:00,37.77419351689916,15.0,923.8795325112867,0.5579765934001784,511.47700910104896,25.573850455052444,12.200343061846716
2024-06-10 16:00:00,37.544475317250985,16.0,831.4696123025453,0.56184070384905,457.7468345384183,22.88734172692091,14.657133590330076
2024-06-10 17:00:00,36.80878043133235,17.0,707.1067811865476,0.3158469862380412,528.4367445575451,26.42183722787725,10.3869432034551
2024-06-10 18:00:00,31.4945646944098,18.0,555.5702330196021,0.3833959969771899,385.1675103160821,19.2583755158041,12.236189178605699
2024-06-10 19:00:00,29.018780339898306,19.0,382.6834323650899,0.6957924515511505,169.66883750643805,8.483441875321901,20.535338464576405
2024-06-10 20:00:00,24.190876004366807,20.0,195.0903220161286,0.4176067835231293,129.913488517211,6.495674425860549,17.695201578506257
2024-06-10 21:00:00,24.756001119182642,21.0,1.2246467991473532e-13,0.8266493501194785,4.1476401463450596e-14,2.0738200731725294e-15,24.75600111918264
2024-06-10 22:00:00,21.335310570345182,22.0,0.0,0.4899233252825788,0.0,0.0,21.335310570345182
2024-06-10 23:00:00,20.545586821106504,23.0,0.0,0.5514167297912207,0.0,0.0,20.545586821106504
2024-06-11 00:00:00,19.025450569857938,0.0,0.0,0.7157362405316788,0.0,0.0,19.025450569857938
2024-06-11 01:00:00,19.858606168621165,1.0,0.0,0.49285914818590065,0.0,0.0,19.858606168621165
2024-06-11 02:00:00,17.70414915007437,2.0,0.0,0.32285348365326755,0.0,0.0,17.70414915007437
2024-06-11 03:00:00,19.13917809406913,3.0,0.0,0.4567459630027442,0.0,0.0,19.13917809406913
2024-06-11 04:00:00,26.12280285617697,4.0,0.0,0.46786347032837405,0.0,0.0,26.12280285617697
2024-06-11 05:00:00,23.068866128088953,5.0,0.0,0.2684938329266529,0.0,0.0,23.068866128088953
2024-06-11 06:00:00,25.766631181292833,6.0,195.09032201612825,0.43483027005576425,127.22538009009699,6.361269004504848,19.405362176787985
2024-06-11 07:00:00,32.75537029248197,7.0,382.6834323650898,0.36187626665727224,271.8961909123943,13.594809545619711,19.16056074686226
2024-06-11 08:00:00,36.945791204885815,8.0,555.5702330196021,0.6118587443350028,283.6258288873792,14.18129144436896,22.764499760516856
2024-06-11 09:00:00,33.24265005676199,9.0,707.1067811865476,0.47839686188467606,436.4846490769326,21.824232453846626,11.418417602915362
2024-06-11 10:00:00,36.51869437668343,10.0,831.4696123025452,0.4307857183847522,544.9214249018705,27.24607124509352,9.272623131589906
2024-06-11 11:00:00,39.17258736425514,11.0,923.8795325112867,0.45727779116350126,585.9038589689433,29.29519294844716,9.877394415807984
2024-06-11 12:00:00,42.25230472949907,12.0,980.7852804032304,0.5066733835178127,583.2350431821333,29.161752159106662,13.090552570392411
2024-06-11 13:00:00,38.51971438235764,13.0,1000.0,0.5657272107103547,547.4182314317162,27.370911571585808,11.148802810771834
2024-06-11 14:00:00,39.29134149397752,14.0,980.7852804032304,0.32324824645648054,727.155582770693,36.357779138534646,2.9335623554428736
2024-06-11 15:00:00,39.826260401937006,15.0,923.8795325112867,0.31696693586369695,689.6081208894568,34.480406044472836,5.3458543574641695
2024-06-11 16:00:00,37.7232169235654,16.0,831.4696123025453,0.6389069630672672,406.48423239939547,20.32421161996977,17.399005303595633
2024-06-11 17:00:00,34.43576589315485,17.0,707.1067811865476,0.41135454992617815,474.40950780675496,23.720475390337743,10.715290502817108
2024-06-11 18:00:00,32.38745600425115,18.0,555.5702330196021,0.2606787668673566,439.70994241819426,21.98549712090971,10.40195888334144
2024-06-11 19:00:00,27.937656287445026,19.0,382.6834323650899,0.5397769871643534,217.43246423729641,10.87162321186482,17.066033075580208
2024-06-11 20:00:00,27.054548933012793,20.0,195.0903220161286,0.5427105516617907,110.38826098792894,5.519413049396446,21.53513588361635
2024-06-11 21:00:00,24.60041876498657,21.0,1.2246467991473532e-13,0.24359779216838176,9.859897939806564e-14,4.9299489699032815e-15,24.600418764986568
2024-06-11 22:00:00,23.277187022573912,22.0,0.0,0.5076273380764287,0.0,0.0,23.277187022573912
2024-06-11 23:00:00,20.50675513392709,23.0,0.0,0.5835425446211437,0.0,0.0,20.50675513392709
2024-06-12 00:00:00,21.048049520927027,0.0,0.0,0.5047869328514184,0.0,0.0,21.048049520927027
2024-06-12 01:00:00,21.519073726729744,1.0,0.0,0.5434261876596882,0.0,0.0,21.519073726729744
2024-06-12 02:00:00,20.57388572861202,2.0,0.0,0.23798860038186653,0.0,0.0,20.57388572861202
2024-06-12 03:00:00,21.86738057475442,3.0,0.0,0.49828498834490825,0.0,0.0,21.86738057475442
2024-06-12 04:00:00,23.008665209501327,4.0,0.0,0.40323600117491193,0.0,0.0,23.008665209501327
2024-06-12 05:00:00,25.000126589637123,5.0,0.0,0.37621044128678216,0.0,0.0,25.000126589637123
2024-06-12 06:00:00,26.32947249866052,6.0,195.09032201612825,0.5792123065084378,104.69134970217983,5.234567485108991,21.094905013551532
2024-06-12 07:00:00,30.474741392509962,7.0,382.6834323650898,0.6705201416966133,177.4058729295807,8.870293646479034,21.604447746030928
2024-06-12 08:00:00,32.44226055340497,8.0,555.5702330196021,0.7177844732855327,236.54648335472547,11.827324167736272,20.6149363856687
2024-06-12 09:00:00,38.139752463395894,9.0,707.1067811865476,0.6458501458213647,341.7587669940615,17.087938349703073,21.05181411369282
2024-06-12 10:00:00,39.43110016557834,10.0,831.4696123025452,0.43216883785095134,544.0014074568076,27.200070372840376,12.231029792737967
2024-06-12 11:00:00,39.23902386667913,11.0,923.8795325112867,0.5015369895494304,553.1917249576501,27.6595862478825,11.579437618796632
2024-06-12 12:00:00,38.51467244834853,12.0,980.7852804032304,0.5636523958631154,538.5277019019838,26.92638509509919,11.588287353249338
2024-06-12 13:00:00,38.331382792024876,13.0,1000.0,0.4668056574903982,626.5554740076814,31.327773700384064,7.003609091640811
2024-06-12 14:00:00,41.44597269252398,14.0,980.7852804032304,0.46824359328221055,613.3881412557831,30.669407062789155,10.776565629734826
2024-06-12 15:00:00,39.054377875565095,15.0,923.8795325112867,0.5721919348769062,500.9703986706429,25.04851993353214,14.005857942032954
2024-06-12 16:00:00,37.791282916952895,16.0,831.4696123025453,0.4397365681915891,538.9675372069355,26.948376860346773,10.842906056606122
2024-06-12 17:00:00,32.38312101953871,17.0,707.1067811865476,0.33923592463942964,515.205962998844,25.760298149942198,6.622822869596515
2024-06-12 18:00:00,33.97934817336248,18.0,555.5702330196021,0.3864580052201001,383.8065818096648,19.190329090483235,14.789019082879246
2024-06-12 19:00:00,30.681630507321543,19.0,382.6834323650899,0.5437155217555403,216.2266946886212,10.811334734431059,19.870295772890486
2024-06-12 20:00:00,25.746163522353072,20.0,195.0903220161286,0.44907795877547224,125.0017111458465,6.250085557292325,19.49607796506075
2024-06-12 21:00:00,24.29271278882508,21.0,1.2246467991473532e-13,0.4996604616257296,7.351207311550022e-14,3.67560365577501e-15,24.292712788825078
2024-06-12 22:00:00,23.324507994669307,22.0,0.0,0.5491408514258074,0.0,0.0,23.324507994669307
2024-06-12 23:00:00,21.41844615968998,23.0,0.0,0.39240274566083744,0.0,0.0,21.41844615968998
2024-06-13 00:00:00,19.902484958403985,0.0,0.0,0.5309942750029656,0.0,0.0,19.902484958403985
2024-06-13 01:00:00,19.844767597901058,1.0,0.0,0.4743834409772538,0.0,0.0,19.844767597901058
2024-06-13 02:00:00,19.96277566979899,2.0,0.0,0.2323350874217729,0.0,0.0,19.96277566979899
2024-06-13 03:00:00,21.568589730309316,3.0,0.0,0.6339027691364313,0.0,0.0,21.568589730309316
2024-06-13 04:00:00,25.13617014762426,4.0,0.0,0.34244533889495726,0.0,0.0,25.13617014762426
2024-06-13 05:00:00,21.150012338603055,5.0,0.0,0.1692927489807171,0.0,0.0,21.150012338603055
2024-06-13 06:00:00,27.05653415221027,6.0,195.09032201612825,0.26080049402054933,154.3866001277808,7.71933000638904,19.33720414582123
2024-06-13 07:00:00,30.264768632058672,7.0,382.6834323650898,0.26440027635674634,301.7381481455074,15.086907407275367,15.177861224783305
2024-06-13 08:00:00,33.032181435555856,8.0,555.5702330196021,0.4253830482571247,366.5061056253626,18.32530528126813,14.706876154287727
2024-06-13 09:00:00,34.44212812801806,9.0,707.1067811865476,0.3764794746265591,494.13782959775654,24.706891479887826,9.735236648130236
2024-06-13 10:00:00,34.4359851381476,10.0,831.4696123025452,0.36703225531240574,587.3286786808374,29.366433934041865,5.069551204105736
2024-06-13 11:00:00,39.152247263415546,11.0,923.8795325112867,0.5105123452808665,546.5580069918246,27.32790034959123,11.824346913824318
2024-06-13 12:00:00,42.25028358413696,12.0,980.7852804032304,0.46853835463740023,613.1568631770617,30.65784315885308,11.592440425283879
2024-06-13 13:00:00,37.69920789262579,13.0,1000.0,0.4649642310551376,628.0286151558898,31.40143075779449,6.297777134831303
2024-06-13 14:00:00,40.95500028343796,14.0,980.7852804032304,0.47903131905779855,604.9237871360046,30.24618935680023,10.708810926637732
2024-06-13 15:00:00,38.167466203160046,15.0,923.8795325112867,0.5099772506588304,546.9534973672295,27.34767486836147,10.819791334798577
2024-06-13 16:00:00,36.979081293122206,16.0,831.4696123025453,0.10136404919187825,764.0447109561557,38.202235547807774,0.0
2024-06-13 17:00:00,33.420652233944075,17.0,707.1067811865476,0.3628913126188255,501.8244547973805,25.09122273986902,8.329429494075054
2024-06-13 18:00:00,32.0865061924914,18.0,555.5702330196021,0.09052554078507358,515.335596389051,25.766779819452548,6.319726373038851
2024-06-13 19:00:00,31.950066892048437,19.0,382.6834323650899,0.42296603947816397,253.19375575599238,12.659687787799617,19.29037910424882
2024-06-13 20:00:00,28.28579241195635,20.0,195.0903220161286,0.41686210462484286,130.02971223406325,6.501485611703162,21.78430680025319
2024-06-13 21:00:00,27.59846740811492,21.0,1.2246467991473532e-13,0.5743868916769467,6.619099444558569e-14,3.3095497222792838e-15,27.598467408114917
2024-06-13 22:00:00,24.69505002160107,22.0,0.0,0.5957022093666628,0.0,0.0,24.69505002160107
2024-06-13 23:00:00,21.99837598054998,23.0,0.0,0.4479733076963498,0.0,0.0,21.99837598054998
2024-06-14 00:00:00,22.956643526361006,0.0,0.0,0.30629316700562503,0.0,0.0,22.956643526361006
2024-06-14 01:00:00,20.65848973810745,1.0,0.0,0.4541214954970207,0.0,0.0,20.65848973810745
2024-06-14 02:00:00,21.582724002304907,2.0,0.0,0.30215968301651297,0.0,0.0,21.582724002304907
2024-06-14 03:00:00,20.89488953185355,3.0,0.0,0.3811384308986577,0.0,0.0,20.89488953185355
2024-06-14 04:00:00,23.028750911923332,4.0,0.0,0.5292677761592752,0.0,0.0,23.028750911923332
2024-06-14 05:00:00,23.953864265049585,5.0,0.0,0.2976816267167465,0.0,0.0,23.953864265049585
2024-06-14 06:00:00,28.896185450867073,6.0,195.09032201612825,0.5021991245015351,116.71097088395051,5.835548544197525,23.060636906669547
2024-06-14 07:00:00,28.2325445653277,7.0,382.6834323650898,0.48295753391900537,234.8275549517264,11.741377747586318,16.49116681774138
2024-06-14 08:00:00,33.7617159646517,8.0,555.5702330196021,0.2381285560455368,449.73252312292993,22.486626156146492,11.275089808505207
2024-06-14 09:00:00,34.71402341374226,9.0,707.1067811865476,0.5274314478477702,408.7464984791898,20.43732492395949,14.27669848978277
2024-06-14 10:00:00,38.827938452066455,10.0,831.4696123025452,0.4861322804208858,508.1062373191003,25.40531186595501,13.422626586111445
2024-06-14 11:00:00,39.78655752094127,11.0,923.8795325112867,0.3966362117210586,630.7242702217671,31.536213511088352,8.25034400985292
2024-06-14 12:00:00,42.39022749936088,12.0,980.7852804032304,0.2669988099110122,771.2904782865097,38.564523914325484,3.8257035850353986
2024-06-14 13:00:00,41.096162036707966,13.0,1000.0,0.2524664258288245,798.0268593369404,39.90134296684702,1.194819069860948
2024-06-14 14:00:00,37.30119787941082,14.0,980.7852804032304,0.3006979420797067,744.849188051775,37.24245940258874,0.05873847682207867
2024-06-14 15:00:00,38.55982427849709,15.0,923.8795325112867,0.462736498108954,581.8693088722384,29.093465443611915,9.466358834885174
2024-06-14 16:00:00,35.313057022973254,16.0,831.4696123025453,0.23800355350495034,673.155434415034,33.6577717207517,1.6552853022215572
2024-06-14 17:00:00,34.22258023645059,17.0,707.1067811865476,0.4469741659081405,454.26001020346985,22.713000510173487,11.509579726277103
2024-06-14 18:00:00,34.8550331009403,18.0,555.5702330196021,0.19508399928340114,468.8639426673821,23.443197133369104,11.411835967571193
2024-06-14 19:00:00,30.956300716346544,19.0,382.6834323650899,0.35073704094933267,275.30642861463735,13.765321430731866,17.190979285614677
2024-06-14 20:00:00,26.363413906106672,20.0,195.0903220161286,0.3977944918012613,133.00563761472836,6.650281880736417,19.713132025370257
2024-06-14 21:00:00,23.479423950339406,21.0,1.2246467991473532e-13,0.7481168503739974,4.9170367418838084e-14,2.4585183709419037e-15,23.479423950339402
2024-06-14 22:00:00,22.97810532744892,22.0,0.0,0.17474998028710492,0.0,0.0,22.97810532744892
2024-06-14 23:00:00,19.51490573808392,23.0,0.0,0.6021495135886801,0.0,0.0,19.51490573808392
2024-06-15 00:00:00,17.299957147303516,0.0,0.0,0.3640587002616439,0.0,0.0,17.299957147303516
2024-06-15 01:00:00,18.468014207326867,1.0,0.0,0.40325812586594634,0.0,0.0,18.468014207326867
2024-06-15 02:00:00,20.03963561755843,2.0,0.0,0.35933452517178255,0.0,0.0,20.03963561755843
2024-06-15 03:00:00,20.11891357427671,3.0,0.0,0.4082913608928368,0.0,0.0,20.11891357427671
2024-06-15 04:00:00,17.199104706423924,4.0,0.0,0.31852957250924924,0.0,0.0,17.199104706423924
2024-06-15 05:00:00,22.95655009354539,5.0,0.0,0.5596898653821706,0.0,0.0,22.95655009354539
2024-06-15 06:00:00,24.778678953926182,6.0,195.09032201612825,0.27311166652984353,152.46516764039336,7.623258382019667,17.155420571906514
2024-06-15 07:00:00,27.62083542805904,7.0,382.6834323650898,0.511417523990439,226.1146216032363,11.305731080161813,16.315104347897226
2024-06-15 08:00:00,31.7536859283995,8.0,555.5702330196021,0.24492727013159843,446.7107925877084,22.335539629385416,9.418146299014083
2024-06-15 09:00:00,28.405142584792884,9.0,707.1067811865476,0.33254456120335885,518.9911697676675,25.949558488383374,2.4555840964095097
2024-06-15 10:00:00,32.47730589289227,10.0,831.4696123025452,0.180787955320019,711.2138594074204,35.560692970371015,0.0
2024-06-15 11:00:00,35.68058811824998,11.0,923.8795325112867,0.40983589621567984,620.9683355496176,31.048416777480874,4.632171340769105
2024-06-15 12:00:00,33.3209408374207,12.0,980.7852804032304,0.558351231702532,542.6871449241448,27.134357246207237,6.186583591213463
2024-06-15 13:00:00,38.21392357208026,13.0,1000.0,0.3299789111904238,736.0168710476609,36.800843552383036,1.413080019697226
2024-06-15 14:00:00,36.2458673556526,14.0,980.7852804032304,0.31204948335796545,735.9424483752903,36.79712241876451,0.0
2024-06-15 15:00:00,36.064104612825055,15.0,923.8795325112867,0.17438979370336286,794.9874036461646,39.749370182308226,0.0
2024-06-15 16:00:00,32.507545538396236,16.0,831.4696123025453,0.3071884401307057,627.1353297271041,31.356766486355202,1.1507790520410346
2024-06-15 17:00:00,32.72064553494931,17.0,707.1067811865476,0.10266319920532274,649.0317057174362,32.45158528587181,0.2690602490775049
2024-06-15 18:00:00,30.93207873990625,18.0,555.5702330196021,0.2046506401557278,464.6119899484594,23.23059949742297,7.7014792424832805
2024-06-15 19:00:00,27.349317030205754,19.0,382.6834323650899,0.3756002450799222,267.694639577607,13.384731978880348,13.964585051325406
2024-06-15 20:00:00,25.022229933125356,20.0,195.0903220161286,0.5394343178247613,110.89959019934193,5.544979509967095,19.47725042315826
2024-06-15 21:00:00,22.905514858922594,21.0,1.2246467991473532e-13,0.7629639673479773,4.7715769476538026e-14,2.385788473826901e-15,22.90551485892259
2024-06-15 22:00:00,19.341021072212,22.0,0.0,0.2535945754029168,0.0,0.0,19.341021072212
2024-06-15 23:00:00,18.98447834557952,23.0,0.0,0.5568773616603678,0.0,0.0,18.98447834557952
2024-06-16 00:00:00,18.07788376471985,0.0,0.0,0.33656287206024726,0.0,0.0,18.07788376471985
2024-06-16 01:00:00,18.575090796530244,1.0,0.0,0.2773128529880437,0.0,0.0,18.575090796530244
2024-06-16 02:00:00,19.806403933763832,2.0,0.0,0.36488916775892294,0.0,0.0,19.806403933763832
2024-06-16 03:00:00,17.617967242972437,3.0,0.0,0.30928747255199396,0.0,0.0,17.617967242972437
2024-06-16 04:00:00,20.44852542384171,4.0,0.0,0.3165593588418329,0.0,0.0,20.44852542384171
2024-06-16 05:00:00,24.72218332148846,5.0,0.0,0.23875002557599972,0.0,0.0,24.72218332148846
2024-06-16 06:00:00,23.555246250858467,6.0,195.09032201612825,0.09028355103017249,180.99956438153953,9.049978219076975,14.505268031781492
2024-06-16 07:00:00,25.76662497406452,7.0,382.6834323650898,0.06845621962168788,361.7257834918371,18.08628917459185,7.680335799472669
2024-06-16 08:00:00,29.632830693669476,8.0,555.5702330196021,0.39798673249218414,378.68256765208787,18.934128382604392,10.698702311065084
2024-06-16 09:00:00,32.76657778572798,9.0,707.1067811865476,0.2584949864871431,560.8799349083205,28.04399674541602,4.722581040311962
2024-06-16 10:00:00,33.381100114019915,10.0,831.4696123025452,0.2105866650515751,691.3924821053299,34.56962410526649,0.0
2024-06-16 11:00:00,36.78766951971543,11.0,923.8795325112867,0.3012758440084731,701.2054637756935,35.06027318878466,1.727396330930766
2024-06-16 12:00:00,36.9785234104514,12.0,980.7852804032304,0.4192398379373442,651.837870797164,32.5918935398582,4.386629870593204
2024-06-16 13:00:00,37.26273010033509,13.0,1000.0,0.3270545914539598,738.3563268368321,36.9178163418416,0.34491375849349026
2024-06-16 14:00:00,36.524507188587755,14.0,980.7852804032304,0.201591759503855,822.6106961056553,41.13053480528276,0.0
2024-06-16 15:00:00,38.28570828457907,15.0,923.8795325112867,0.4839439433473426,566.1948091981575,28.30974045990787,9.975967824671201
2024-06-16 16:00:00,33.05621849737987,16.0,831.4696123025453,0.5368778254472448,474.35153439978194,23.717576719989093,9.338641777390773
2024-06-16 17:00:00,28.49471656190023,17.0,707.1067811865476,0.3741834982984281,495.4366299426087,24.77183149713043,3.722885064769798
2024-06-16 18:00:00,31.735752948198403,18.0,555.5702330196021,0.4460495267016136,357.32076142928315,17.866038071464153,13.86971487673425
2024-06-16 19:00:00,26.31345085356476,19.0,382.6834323650899,0.48629399952207175,233.80610686456686,11.690305343228342,14.623145510336418
2024-06-16 20:00:00,24.83244926059186,20.0,195.0903220161286,0.46951489746067715,121.81207198655011,6.090603599327505,18.741845661264357
2024-06-16 21:00:00,24.464326027290795,21.0,1.2246467991473532e-13,0.39211487656689364,8.404850163587887e-14,4.202425081793942e-15,24.46432602729079
2024-06-16 22:00:00,18.232649657732686,22.0,0.0,0.3897520570612325,0.0,0.0,18.232649657732686
2024-06-16 23:00:00,17.32830054478084,23.0,0.0,0.3779490860019755,0.0,0.0,17.32830054478084
2024-06-17 00:00:00,17.938824831431038,0.0,0.0,0.09381701065439163,0.0,0.0,17.938824831431038
2024-06-17 01:00:00,18.808795564961866,1.0,0.0,0.363526135365386,0.0,0.0,18.808795564961866
2024-06-17 02:00:00,21.00019664613481,2.0,0.0,0.05504556616746506,0.0,0.0,21.00019664613481
2024-06-17 03:00:00,22.126027726374772,3.0,0.0,0.1392277435676899,0.0,0.0,22.126027726374772
2024-06-17 04:00:00,23.343343457127354,4.0,0.0,0.4539524220076613,0.0,0.0,23.343343457127354
2024-06-17 05:00:00,22.88085117416145,5.0,0.0,0.38445068624057777,0.0,0.0,22.88085117416145
2024-06-17 06:00:00,23.946654394025828,6.0,195.09032201612825,0.4815274052893276,119.93725277013976,5.996862638506987,17.94979175551884
2024-06-17 07:00:00,30.081530378085574,7.0,382.6834323650898,0.21766650428335432,316.04554038903814,15.802277019451905,14.27925335863367
2024-06-17 08:00:00,31.880526400567703,8.0,555.5702330196021,0.08558033564493303,517.5335234066812,25.876676170334058,6.003850230233645
2024-06-17 09:00:00,35.68907865757492,9.0,707.1067811865476,0.22235208227589673,581.325449035959,29.066272451797943,6.622806205776975
2024-06-17 10:00:00,38.12399825119738,10.0,831.4696123025452,0.2737223564225343,649.3961550439983,32.46980775219991,5.654190498997465
2024-06-17 11:00:00,38.867616185932405,11.0,923.8795325112867,0.2702659692874496,724.1249746240877,36.20624873120438,2.6613674547280226
2024-06-17 12:00:00,40.799457890954464,12.0,980.7852804032304,0.4284697336499534,644.5958341134967,32.22979170567483,8.569666185279637
2024-06-17 13:00:00,40.3438170611726,13.0,1000.0,0.2042270980859313,836.6183215312549,41.83091607656274,0.0
2024-06-17 14:00:00,40.45435532129288,14.0,980.7852804032304,0.31122283260688677,736.591061886244,36.829553094312196,3.624802226980684
2024-06-17 15:00:00,37.60324414353956,15.0,923.8795325112867,0.11012358942125725,842.4867882609059,42.124339413045284,0.0
2024-06-17 16:00:00,36.80165069111829,16.0,831.4696123025453,0.3259652535430201,614.6454499125326,30.732272495626628,6.069378195491662
2024-06-17 17:00:00,35.295164144985435,17.0,707.1067811865476,0.2588839443642937,560.6599071062972,28.032995355314853,7.262168789670582
2024-06-17 18:00:00,33.81898316415134,18.0,555.5702330196021,0.14594566109377055,490.7037810659494,24.53518905329747,9.283794110853872
2024-06-17 19:00:00,29.40938824166314,19.0,382.6834323650899,0.22304325751022025,314.3994648851686,15.719973244258426,13.689414997404715
2024-06-17 20:00:00,28.19356043257296,20.0,195.0903220161286,0.2307912998591649,159.0702028096923,7.953510140484614,20.240050292088345
2024-06-17 21:00:00,24.601241812126936,21.0,1.2246467991473532e-13,0.21789439243588374,1.0111718629483433e-13,5.055859314741715e-15,24.601241812126933
2024-06-17 22:00:00,22.752618937142334,22.0,0.0,0.5241188481766006,0.0,0.0,22.752618937142334
2024-06-17 23:00:00,22.584024525191722,23.0,0.0,0.2436507614902662,0.0,0.0,22.584024525191722
2024-06-18 00:00:00,17.351151180528085,0.0,0.0,0.1820682548582393,0.0,0.0,17.351151180528085
2024-06-18 01:00:00,18.05529150788786,1.0,0.0,0.0,0.0,0.0,18.05529150788786
2024-06-18 02:00:00,18.11746364094509,2.0,0.0,0.08452156858791837,0.0,0.0,18.11746364094509
2024-06-18 03:00:00,17.83932178238316,3.0,0.0,0.17919165771638704,0.0,0.0,17.83932178238316
2024-06-18 04:00:00,21.91153552790176,4.0,0.0,0.11577476995834354,0.0,0.0,21.91153552790176
2024-06-18 05:00:00,26.12415084959161,5.0,0.0,0.4259088103915095,0.0,0.0,26.12415084959161
2024-06-18 06:00:00,26.984483449400933,6.0,195.09032201612825,0.19391200507540718,164.82603760576484,8.24130188028824,18.743181569112693
2024-06-18 07:00:00,30.296685122912777,7.0,382.6834323650898,0.4119193087825778,256.57567641119203,12.8287838205596,17.467901302353177
2024-06-18 08:00:00,34.222016696091394,8.0,555.5702330196021,0.22790836649239515,454.2749495961646,22.713747479808227,11.508269216283168
2024-06-18 09:00:00,36.99152919840154,9.0,707.1067811865476,0.22423684684807646,580.2592651880161,29.0129632594008,7.978565939000738
2024-06-18 10:00:00,36.96736090977627,10.0,831.4696123025452,0.2053332042279648,694.8869565327329,34.74434782663664,2.2230130831396266
2024-06-18 11:00:00,40.69063287219848,11.0,923.8795325112867,0.21922210912805884,761.8516767533913,38.09258383766956,2.5980490345289198
2024-06-18 12:00:00,39.79744825054185,12.0,980.7852804032304,0.47647192184231885,606.9319624285226,30.346598121426126,9.450850129115722
2024-06-18 13:00:00,38.743902664258805,13.0,1000.0,0.0,1000.0,49.99999999999999,0.0
2024-06-18 14:00:00,38.767657734592575,14.0,980.7852804032304,0.0,980.7852804032304,49.03926402016152,0.0
2024-06-18 15:00:00,36.43944926899687,15.0,923.8795325112867,0.1371770467264229,822.4914798705776,41.12457399352887,0.0
2024-06-18 16:00:00,35.738867031264995,16.0,831.4696123025453,0.22083185367547528,684.5776316948654,34.22888158474327,1.5099854465217248
2024-06-18 17:00:00,34.46297496788836,17.0,707.1067811865476,0.3221683350994418,524.8608496406313,26.243042482031562,8.219932485856795
2024-06-18 18:00:00,33.793567980093115,18.0,555.5702330196021,0.2896157510889612,426.8487207646891,21.342436038234453,12.451131941858662
2024-06-18 19:00:00,32.58115474674898,19.0,382.6834323650899,0.16101578445275444,333.38897391761986,16.66944869588099,15.911706050867988
2024-06-18 20:00:00,25.338537275909232,20.0,195.0903220161286,0.3715092253711043,137.1080384884396,6.8554019244219795,18.483135351487253
2024-06-18 21:00:00,25.589241202389882,21.0,1.2246467991473532e-13,0.3731819818577496,8.590339034821063e-14,4.295169517410531e-15,25.58924120238988
2024-06-18 22:00:00,21.368116279398226,22.0,0.0,0.2462613460755748,0.0,0.0,21.368116279398226
2024-06-18 23:00:00,22.051791594850418,23.0,0.0,0.36305130725786616,0.0,0.0,22.051791594850418
2024-06-19 00:00:00,20.144111761077728,0.0,0.0,0.22333973905632468,0.0,0.0,20.144111761077728
2024-06-19 01:00:00,17.253641261228704,1.0,0.0,0.09822049552407282,0.0,0.0,17.253641261228704
2024-06-19 02:00:00,21.733187224462046,2.0,0.0,0.28711547539150606,0.0,0.0,21.733187224462046
2024-06-19 03:00:00,20.432244892942517,3.0,0.0,0.19903491792830702,0.0,0.0,20.432244892942517
2024-06-19 04:00:00,22.128081830574192,4.0,0.0,0.1826439265546784,0.0,0.0,22.128081830574192
2024-06-19 05:00:00,23.395371383065466,5.0,0.0,0.4033859853699415,0.0,0.0,23.395371383065466
2024-06-19 06:00:00,26.43038463394346,6.0,195.09032201612825,0.0,195.09032201612825,9.754516100806411,16.67586853313705
2024-06-19 07:00:00,30.641835661042375,7.0,382.6834323650898,0.0,382.6834323650898,19.134171618254488,11.507664042787887
2024-06-19 08:00:00,32.304323939620595,8.0,555.5702330196021,0.004382385585349841,553.6224546349345,27.68112273174672,4.623201207873876
2024-06-19 09:00:00,35.49299300342372,9.0,707.1067811865476,0.1279538524061845,634.725151814263,31.736257590713144,3.756735412710576
2024-06-19 10:00:00,37.61395059275874,10.0,831.4696123025452,0.14425172407660083,735.5168722289892,36.77584361144946,0.8381069813092807
2024-06-19 11:00:00,40.64124652113663,11.0,923.8795325112867,0.0,923.8795325112867,46.19397662556433,0.0
2024-06-19 12:00:00,39.14507903659411,12.0,980.7852804032304,0.03466924469488142,953.5828124996805,47.679140624984015,0.0
2024-06-19 13:00:00,37.7847132747314,13.0,1000.0,0.05331669776296985,957.3466417896242,47.8673320894812,0.0
2024-06-19 14:00:00,41.26009188774866,14.0,980.7852804032304,0.5510565633528891,548.4107475983474,27.420537379917363,13.839554507831295
2024-06-19 15:00:00,38.163021779698504,15.0,923.8795325112867,0.4527042417035773,589.2841859585046,29.464209297925226,8.698812481773277
2024-06-19 16:00:00,38.74295647873154,16.0,831.4696123025453,0.12068053688880798,751.1958529270252,37.559792646351255,1.1831638323802878
2024-06-19 17:00:00,35.57506566977371,17.0,707.1067811865476,0.12790545599548553,634.7525289584153,31.737626447920757,3.83743922185295
2024-06-19 18:00:00,32.39148415572019,18.0,555.5702330196021,0.010062349963261247,551.097959328551,27.55489796642755,4.8365861892926425
2024-06-19 19:00:00,30.523163841069444,19.0,382.6834323650899,0.0,382.6834323650899,19.134171618254495,11.388992222814949
2024-06-19 20:00:00,30.33832838916424,20.0,195.0903220161286,0.16491092158022674,169.35230218007823,8.46761510900391,21.87071328016033
2024-06-19 21:00:00,28.115470793580634,21.0,1.2246467991473532e-13,0.03276515205490152,1.192546208277264e-13,5.962731041386319e-15,28.115470793580627
2024-06-19 22:00:00,23.033003890833697,22.0,0.0,0.1697153697922039,0.0,0.0,23.033003890833697
2024-06-19 23:00:00,21.580031852131228,23.0,0.0,0.0,0.0,0.0,21.580031852131228
2024-06-20 00:00:00,21.955101973308896,0.0,0.0,0.0370748661579825,0.0,0.0,21.955101973308896
2024-06-20 01:00:00,18.731508450848978,1.0,0.0,0.1736650991999458,0.0,0.0,18.731508450848978
2024-06-20 02:00:00,20.8403472960367,2.0,0.0,0.2063024745721118,0.0,0.0,20.8403472960367
2024-06-20 03:00:00,21.30095169022483,3.0,0.0,0.21399182871582334,0.0,0.0,21.30095169022483
2024-06-20 04:00:00,23.399794505320855,4.0,0.0,0.0,0.0,0.0,23.399794505320855
2024-06-20 05:00:00,23.749946791075892,5.0,0.0,0.2795738944248554,0.0,0.0,23.749946791075892
2024-06-20 06:00:00,25.02745830901134,6.0,195.09032201612825,0.03133928041424362,190.19912976991344,9.50995648849567,15.51750182051567
2024-06-20 07:00:00,26.89052484601306,7.0,382.6834323650898,0.24629972209561712,307.27957393139496,15.363978696569747,11.526546149443314
2024-06-20 08:00:00,30.912114281540795,8.0,555.5702330196021,0.1497752334117922,489.0017039578784,24.450085197893916,6.462029083646879
2024-06-20 09:00:00,34.311987072591,9.0,707.1067811865476,0.0,707.1067811865476,35.35533905932737,0.0
2024-06-20 10:00:00,36.631280431892336,10.0,831.4696123025452,0.10394137921734298,762.3303336785165,38.116516683925816,0.0
2024-06-20 11:00:00,41.56610078148866,11.0,923.8795325112867,0.20617559621408632,771.494401754882,38.5747200877441,2.99138069374456
2024-06-20 12:00:00,41.318248317751625,12.0,980.7852804032304,0.24331584197571102,789.8728033642738,39.49364016821368,1.8246081495379443
2024-06-20 13:00:00,38.55686332548756,13.0,1000.0,0.13022285028785838,895.8217197697132,44.791085988485655,0.0
2024-06-20 14:00:00,40.18082094156712,14.0,980.7852804032304,0.38113786849467907,681.7337514241557,34.086687571207776,6.094133370359344
2024-06-20 15:00:00,38.0496366833189,15.0,923.8795325112867,0.302497650552505,700.302422128718,35.01512110643589,3.0345155768830097
2024-06-20 16:00:00,36.644522054805336,16.0,831.4696123025453,0.11287291744455824,756.3892915768781,37.8194645788439,0.0
2024-06-20 17:00:00,35.27798847412307,17.0,707.1067811865476,0.26388930672506283,557.8284465722206,27.89142232861103,7.386566145512042
2024-06-20 18:00:00,33.516947126488304,18.0,555.5702330196021,0.4414400576827492,359.3694684508088,17.968473422540438,15.548473703947867
2024-06-20 19:00:00,29.491112274173975,19.0,382.6834323650899,0.44544372502197516,246.3122854715693,12.315614273578463,17.17549800059551
2024-06-20 20:00:00,29.00758684807633,20.0,195.0903220161286,0.0,195.0903220161286,9.754516100806429,19.253070747269902
2024-06-20 21:00:00,23.2870926607864,21.0,1.2246467991473532e-13,0.012391068230948571,1.2125070535097152e-13,6.062535267548575e-15,23.287092660786392
2024-06-20 22:00:00,22.93844078167793,22.0,0.0,0.37410885291459883,0.0,0.0,22.93844078167793
2024-06-20 23:00:00,25.236256552049362,23.0,0.0,0.0,0.0,0.0,25.236256552049362
2024-06-21 00:00:00,20.675361351047233,0.0,0.0,0.0,0.0,0.0,20.675361351047233
2024-06-21 01:00:00,22.14982175990926,1.0,0.0,0.05386579963825526,0.0,0.0,22.14982175990926
2024-06-21 02:00:00,20.47802200436913,2.0,0.0,0.18982892566430015,0.0,0.0,20.47802200436913
2024-06-21 03:00:00,22.210911605150308,3.0,0.0,0.11143541325144783,0.0,0.0,22.210911605150308
2024-06-21 04:00:00,22.843757396545488,4.0,0.0,0.02921037618227347,0.0,0.0,22.843757396545488
2024-06-21 05:00:00,24.744388628253695,5.0,0.0,0.025663049984435943,0.0,0.0,24.744388628253695
2024-06-21 06:00:00,26.242585953886664,6.0,195.09032201612825,0.01994435958120598,191.9775607896459,9.598878039482294,16.64370791440437
2024-06-21 07:00:00,30.64545203843633,7.0,382.6834323650898,0.0,382.6834323650898,19.134171618254488,11.51128042018184
2024-06-21 08:00:00,31.310884667246555,8.0,555.5702330196021,0.4690398508345215,347.10256964071056,17.355128482035525,13.95575618521103
2024-06-21 09:00:00,35.99837785447014,9.0,707.1067811865476,0.17142157992094553,610.1360919034977,30.506804595174877,5.491573259295265
2024-06-21 10:00:00,38.69899831853434,10.0,831.4696123025452,0.2598087774038231,658.6511295659411,32.93255647829705,5.766441840237292
2024-06-21 11:00:00,39.210051148700224,11.0,923.8795325112867,0.05343329902527373,884.3867874520822,44.219339372604104,0.0
2024-06-21 12:00:00,39.229885162557146,12.0,980.7852804032304,0.09890141766520497,903.1844366775944,45.15922183387971,0.0
2024-06-21 13:00:00,40.680948368963044,13.0,1000.0,0.019761822037559038,984.1905423699527,49.209527118497626,0.0
2024-06-21 14:00:00,39.19624867957106,14.0,980.7852804032304,0.0,980.7852804032304,49.03926402016152,0.0
2024-06-21 15:00:00,40.06357472604211,15.0,923.8795325112867,0.0,923.8795325112867,46.19397662556433,0.0
2024-06-21 16:00:00,34.32395868554279,16.0,831.4696123025453,0.0,831.4696123025453,41.57348061512726,0.0
2024-06-21 17:00:00,34.49658894782203,17.0,707.1067811865476,0.0,707.1067811865476,35.35533905932737,0.0
2024-06-21 18:00:00,29.601972458339215,18.0,555.5702330196021,0.0,555.5702330196021,27.778511650980104,1.8234608073591119
2024-06-21 19:00:00,27.757408754659192,19.0,382.6834323650899,0.32553827115035694,283.02094998907717,14.151047499453856,13.606361255205336
2024-06-21 20:00:00,29.457602893695654,20.0,195.0903220161286,0.12012949408745913,176.34144066800297,8.817072033400148,20.640530860295506
2024-06-21 21:00:00,26.342777472957533,21.0,1.2246467991473532e-13,0.3203794835912884,9.107654318733105e-14,4.5538271593665516e-15,26.34277747295753
2024-06-21 22:00:00,21.84971183820734,22.0,0.0,0.18844230577824359,0.0,0.0,21.84971183820734
2024-06-21 23:00:00,19.08599077809427,23.0,0.0,0.24417874310038618,0.0,0.0,19.08599077809427
2024-06-22 00:00:00,13.859874306635913,0.0,0.0,0.0,0.0,0.0,13.859874306635913
2024-06-22 01:00:00,17.184756738101047,1.0,0.0,0.18838133986986988,0.0,0.0,17.184756738101047
2024-06-22 02:00:00,21.937290081769493,2.0,0.0,0.21909583185212117,0.0,0.0,21.937290081769493
2024-06-22 03:00:00,19.858097773135523,3.0,0.0,0.023291602905915337,0.0,0.0,19.858097773135523
2024-06-22 04:00:00,19.79668054024684,4.0,0.0,0.19371975233339422,0.0,0.0,19.79668054024684
2024-06-22 05:00:00,23.19762031425046,5.0,0.0,0.19471686052719422,0.0,0.0,23.19762031425046
2024-06-22 06:00:00,22.32919106458565,6.0,195.09032201612825,0.027355803571456852,190.82083999391588,9.541041999695793,12.788149064889858
2024-06-22 07:00:00,26.554014955953548,7.0,382.6834323650898,0.0,382.6834323650898,19.134171618254488,7.41984333769906
2024-06-22 08:00:00,29.478587615446294,8.0,555.5702330196021,0.0,555.5702330196021,27.778511650980104,1.7000759644661905
2024-06-22 09:00:00,31.370849022268427,9.0,707.1067811865476,0.12276452802918855,637.6606769796633,31.88303384898316,0.0
2024-06-22 10:00:00,34.55017021321405,10.0,831.4696123025452,0.15884017705936648,725.8129879524499,36.29064939762249,0.0
2024-06-22 11:00:00,35.31119647341403,11.0,923.8795325112867,0.0,923.8795325112867,46.19397662556433,0.0
2024-06-22 12:00:00,36.69582146376361,12.0,980.7852804032304,0.11377649793988408,891.5130288550171,44.575651442750846,0.0
2024-06-22 13:00:00,34.96744157665386,13.0,1000.0,0.19536925216174209,843.7045982706063,42.185229913530314,0.0
2024-06-22 14:00:00,37.040055549217435,14.0,980.7852804032304,0.2025173039407644,821.8844878175914,41.09422439087957,0.0
2024-06-22 15:00:00,37.23763405549594,15.0,923.8795325112867,0.34257071475934253,670.6842750681517,33.53421375340758,3.703420302088361
2024-06-22 16:00:00,31.90873675120181,16.0,831.4696123025453,0.3013358215706758,631.0283493151544,31.551417465757716,0.3573192854440954
2024-06-22 17:00:00,30.16845651642816,17.0,707.1067811865476,0.0,707.1067811865476,35.35533905932737,0.0
2024-06-22 18:00:00,31.333047910403042,18.0,555.5702330196021,0.3623266281716726,394.5319216255678,19.726596081278387,11.606451829124655
2024-06-22 19:00:00,26.71298401995741,19.0,382.6834323650899,0.030142221057612065,373.4554894743425,18.672774473717123,8.040209546240288
2024-06-22 20:00:00,26.776360682177145,20.0,195.0903220161286,0.2665196186091334,153.4940034416713,7.674700172083564,19.10166051009358
2024-06-22 21:00:00,21.836196432161728,21.0,1.2246467991473532e-13,0.1199866906486326,1.107093745832848e-13,5.535468729164239e-15,21.83619643216172
2024-06-22 22:00:00,22.81860733372714,22.0,0.0,0.04796628997242414,0.0,0.0,22.81860733372714
2024-06-22 23:00:00,19.40300009114823,23.0,0.0,0.0,0.0,0.0,19.40300009114823
2024-06-23 00:00:00,18.694010798382433,0.0,0.0,0.0753609443938931,0.0,0.0,18.694010798382433
2024-06-23 01:00:00,20.347077032504856,1.0,0.0,0.0,0.0,0.0,20.347077032504856
2024-06-23 02:00:00,17.764011847232133,2.0,0.0,0.24619050630276118,0.0,0.0,17.764011847232133
2024-06-23 03:00:00,17.794088222052615,3.0,0.0,0.3286145194972325,0.0,0.0,17.794088222052615
2024-06-23 04:00:00,19.963192657278544,4.0,0.0,0.0,0.0,0.0,19.963192657278544
2024-06-23 05:00:00,23.17850092596471,5.0,0.0,0.146391232304236,0.0,0.0,23.17850092596471
2024-06-23 06:00:00,22.321989985806542,6.0,195.09032201612825,0.0,195.09032201612825,9.754516100806411,12.567473885000132
2024-06-23 07:00:00,27.956206353976683,7.0,382.6834323650898,0.006822911405826887,380.594620240686,19.029731012034297,8.926475341942385
2024-06-23 08:00:00,28.52121442949607,8.0,555.5702330196021,0.217269826506151,459.0033145074815,22.950165725374074,5.571048704121996
2024-06-23 09:00:00,33.221718991100346,9.0,707.1067811865476,0.09531488164983346,653.1885418564751,32.65942709282375,0.5622918982765981
2024-06-23 10:00:00,29.772570573328224,10.0,831.4696123025452,0.36204282721599707,590.6475249567833,29.53237624783916,0.24019432548906394
2024-06-23 11:00:00,33.61437997140369,11.0,923.8795325112867,0.028760749120907175,902.6223585492883,45.1311179274644,0.0
2024-06-23 12:00:00,33.163630209750465,12.0,980.7852804032304,0.25099607079751873,783.8466790614277,39.192333953071376,0.0
2024-06-23 13:00:00,34.760655800454074,13.0,1000.0,0.11570763287001262,907.4338937039898,45.371694685199486,0.0
2024-06-23 14:00:00,36.06483128826503,14.0,980.7852804032304,0.2204623223879803,807.8043198579163,40.39021599289581,0.0
2024-06-23 15:00:00,34.52538869588532,15.0,923.8795325112867,0.03402197232685332,898.7337694005305,44.93668847002652,0.0
2024-06-23 16:00:00,32.983894677256906,16.0,831.4696123025453,0.09366179529360792,769.168063006276,38.45840315031379,0.0
2024-06-23 17:00:00,31.26122269292991,17.0,707.1067811865476,0.08377078903150512,659.7188667949276,32.98594333974638,0.0
2024-06-23 18:00:00,29.63445376685261,18.0,555.5702330196021,0.0,555.5702330196021,27.778511650980104,1.8559421158725051
2024-06-23 19:00:00,25.48719593708534,19.0,382.6834323650899,0.20040785111360823,321.32922089543587,16.066461044771792,9.420734892313547
2024-06-23 20:00:00,25.730903055425888,20.0,195.0903220161286,0.19863297176309996,164.0892256767016,8.204461283835078,17.52644177159081
2024-06-23 21:00:00,23.493998955578228,21.0,1.2246467991473532e-13,0.19012882516218033,1.0383742734189445e-13,5.191871367094722e-15,23.493998955578224
2024-06-23 22:00:00,21.213595875805225,22.0,0.0,0.331640469013992,0.0,0.0,21.213595875805225
2024-06-23 23:00:00,20.04057153006695,23.0,0.0,0.31849734111179084,0.0,0.0,20.04057153006695
2024-06-24 00:00:00,20.78536873832231,0.0,0.0,0.044853917448974996,0.0,0.0,20.78536873832231
2024-06-24 01:00:00,23.052609954096603,1.0,0.0,0.15705346869147205,0.0,0.0,23.052609954096603
2024-06-24 02:00:00,20.210100480530553,2.0,0.0,0.00755551753761341,0.0,0.0,20.210100480530553
2024-06-24 03:00:00,20.87912113465375,3.0,0.0,0.10459891834352862,0.0,0.0,20.87912113465375
2024-06-24 04:00:00,21.798640817598457,4.0,0.0,0.01113320355851559,0.0,0.0,21.798640817598457
2024-06-24 05:00:00,23.451605994133246,5.0,0.0,0.3441061672967529,0.0,0.0,23.451605994133246
2024-06-24 06:00:00,25.54510186757318,6.0,195.09032201612825,0.15565034347778972,170.79762151132587,8.539881075566292,17.005220792006888
2024-06-24 07:00:00,28.66680403015362,7.0,382.6834323650898,0.06839125171068199,361.7456732063789,18.087283660318946,10.579520369834675
2024-06-24 08:00:00,32.4821698785471,8.0,555.5702330196021,0.28013840670480183,431.06098510702066,21.55304925535103,10.929120623196066
2024-06-24 09:00:00,35.50144269274657,9.0,707.1067811865476,0.0,707.1067811865476,35.35533905932737,0.14610363341920163
2024-06-24 10:00:00,37.14778089969372,10.0,831.4696123025452,0.0,831.4696123025452,41.57348061512726,0.0
2024-06-24 11:00:00,37.51195112169981,11.0,923.8795325112867,0.2204714192093114,760.9283071423279,38.04641535711639,0.0
2024-06-24 12:00:00,41.00953510892062,12.0,980.7852804032304,0.11016588814395051,894.3460152079222,44.7173007603961,0.0
2024-06-24 13:00:00,41.10911900845142,13.0,1000.0,0.1386625659654594,889.0699472276324,44.453497361381615,0.0
2024-06-24 14:00:00,39.419785801757655,14.0,980.7852804032304,0.0,980.7852804032304,49.03926402016152,0.0
2024-06-24 15:00:00,37.68087982084732,15.0,923.8795325112867,0.09761056429879038,851.7352105012632,42.58676052506315,0.0
2024-06-24 16:00:00,37.893709693110175,16.0,831.4696123025453,0.4016220324865466,564.320399787546,28.216019989377294,9.67768970373288
2024-06-24 17:00:00,35.281960381229155,17.0,707.1067811865476,0.22472556389572473,579.9828050772373,28.999140253861864,6.282820127367291
2024-06-24 18:00:00,30.41599956190264,18.0,555.5702330196021,0.1265516026977671,499.32359029976004,24.966179514988,5.449820046914642
2024-06-24 19:00:00,29.898029616023393,19.0,382.6834323650899,0.03523753441060466,371.89557587202336,18.594778793601165,11.303250822422228
2024-06-24 20:00:00,27.80486326708636,20.0,195.0903220161286,0.04190969314593623,188.54938159097833,9.427469079548915,18.377394187537448
2024-06-24 21:00:00,23.65045782026837,21.0,1.2246467991473532e-13,0.0,1.2246467991473532e-13,6.123233995736765e-15,23.650457820268365
2024-06-24 22:00:00,23.213697277390693,22.0,0.0,0.1397416840645194,0.0,0.0,23.213697277390693
2024-06-24 23:00:00,19.157512234268932,23.0,0.0,0.2279180871986234,0.0,0.0,19.157512234268932
2024-06-25 00:00:00,22.345020887127575,0.0,0.0,0.0,0.0,0.0,22.345020887127575
2024-06-25 01:00:00,21.87192497758915,1.0,0.0,0.010576162894946853,0.0,0.0,21.87192497758915
2024-06-25 02:00:00,19.96196573565487,2.0,0.0,0.0,0.0,0.0,19.96196573565487
2024-06-25 03:00:00,21.884927468914224,3.0,0.0,0.0,0.0,0.0,21.884927468914224
2024-06-25 04:00:00,19.314049239434713,4.0,0.0,0.11781094076425429,0.0,0.0,19.314049239434713
2024-06-25 05:00:00,23.265478509602,5.0,0.0,0.0,0.0,0.0,23.265478509602
2024-06-25 06:00:00,26.9711411687466,6.0,195.09032201612825,0.20192926249452886,163.57476614049872,8.178738307024934,18.792402861721662
2024-06-25 07:00:00,28.39180046785971,7.0,382.6834323650898,0.22286695723102157,314.453438641945,15.72267193209725,12.66912853576246
2024-06-25 08:00:00,33.65978517497119,8.0,555.5702330196021,0.07212330853543238,523.5145823562623,26.17572911781311,7.484056057158082
2024-06-25 09:00:00,37.99594479612199,9.0,707.1067811865476,0.0,707.1067811865476,35.35533905932737,2.640605736794619
2024-06-25 10:00:00,35.306145732721525,10.0,831.4696123025452,0.0,831.4696123025452,41.57348061512726,0.0
2024-06-25 11:00:00,37.40405893171659,11.0,923.8795325112867,0.2947239868563737,706.0479651539034,35.30239825769517,2.1016606740214243
2024-06-25 12:00:00,40.01243081535558,12.0,980.7852804032304,0.0,980.7852804032304,49.03926402016152,0.0
2024-06-25 13:00:00,42.41667422274943,13.0,1000.0,0.057660184911941366,953.8718520704468,47.69359260352234,0.0
2024-06-25 14:00:00,37.82569679408083,14.0,980.7852804032304,0.0,980.7852804032304,49.03926402016152,0.0
2024-06-25 15:00:00,39.0338082213048,15.0,923.8795325112867,0.23047424197869473,753.5351845631509,37.67675922815754,1.3570489931472594
2024-06-25 16:00:00,39.80301608808514,16.0,831.4696123025453,0.008521603919450046,825.8012485368645,41.29006242684322,0.0
2024-06-25 17:00:00,32.5223612777311,17.0,707.1067811865476,0.17038179985131097,610.7242803340426,30.536214016702125,1.9861472610289752
2024-06-25 18:00:00,30.666586640756464,18.0,555.5702330196021,0.1946077596163332,469.075610333627,23.45378051668135,7.212806124075115
2024-06-25 19:00:00,29.36459009030874,19.0,382.6834323650899,0.3852225727004722,264.74879528866825,13.23743976443341,16.127150325875334
2024-06-25 20:00:00,26.630926929691675,20.0,195.0903220161286,0.07934740518966371,182.706393352452,9.1353196676226,17.495607262069075
2024-06-25 21:00:00,26.21890193163047,21.0,1.2246467991473532e-13,0.16619535218436093,1.0618223142787575e-13,5.309111571393786e-15,26.218901931630466
2024-06-25 22:00:00,23.291421767865785,22.0,0.0,0.0,0.0,0.0,23.291421767865785
2024-06-25 23:00:00,18.677302872692422,23.0,0.0,0.28835073123503085,0.0,0.0,18.677302872692422
2024-06-26 00:00:00,21.113857341460534,0.0,0.0,0.012718592032407564,0.0,0.0,21.113857341460534
2024-06-26 01:00:00,19.133691668966524,1.0,0.0,0.04268179462995042,0.0,0.0,19.133691668966524
2024-06-26 02:00:00,22.252412562521176,2.0,0.0,0.12345775001573064,0.0,0.0,22.252412562521176
2024-06-26 03:00:00,20.398364657500235,3.0,0.0,0.0,0.0,0.0,20.398364657500235
2024-06-26 04:00:00,21.97400926348117,4.0,0.0,0.16111042358245295,0.0,0.0,21.97400926348117
2024-06-26 05:00:00,25.811697416206798,5.0,0.0,0.27191486018186384,0.0,0.0,25.811697416206798
2024-06-26 06:00:00,28.5561992724802,6.0,195.09032201612825,0.17073499276770598,168.44332624134978,8.422166312067489,20.13403296041271
2024-06-26 07:00:00,30.672149045904305,7.0,382.6834323650898,0.0,382.6834323650898,19.134171618254488,11.537977427649817
2024-06-26 08:00:00,30.059794474947992,8.0,555.5702330196021,0.10822352509366331,507.4696177760107,25.373480888800533,4.68631358614746
2024-06-26 09:00:00,35.80705165989237,9.0,707.1067811865476,0.23809925469003584,572.4175031171178,28.620875155855888,7.186176504036485
2024-06-26 10:00:00,35.519605734353874,10.0,831.4696123025452,0.0,831.4696123025452,41.57348061512726,0.0
2024-06-26 11:00:00,39.013168205226776,11.0,923.8795325112867,0.0,923.8795325112867,46.19397662556433,0.0
2024-06-26 12:00:00,37.52365660979209,12.0,980.7852804032304,0.25827645985534026,778.1342803226116,38.90671401613057,0.0
2024-06-26 13:00:00,40.66948322131459,13.0,1000.0,0.16730923437270523,866.1526125018358,43.30763062509178,0.0
2024-06-26 14:00:00,38.44935990642962,14.0,980.7852804032304,0.18859065656212531,832.8117284210597,41.64058642105298,0.0
2024-06-26 15:00:00,36.7363020624536,15.0,923.8795325112867,0.405719140386609,624.0110447102776,31.200552235513875,5.535749826939728
2024-06-26 16:00:00,38.14179801658908,16.0,831.4696123025453,0.19707783601904266,700.3782267760029,35.01891133880014,3.122886677788941
2024-06-26 17:00:00,35.36246678251513,17.0,707.1067811865476,0.22547812080808916,579.557094600468,28.977854730023395,6.3846120524917325
2024-06-26 18:00:00,31.667225248935868,18.0,555.5702330196021,0.5334067483258611,318.4943038503006,15.924715192515027,15.74251005642084
2024-06-26 19:00:00,32.17676827353159,19.0,382.6834323650899,0.09472423552953865,353.6839159006075,17.68419579503037,14.492572478501224
2024-06-26 20:00:00,26.750830916620178,20.0,195.0903220161286,0.0071125047003380015,193.98025735026445,9.69901286751322,17.051818049106956
2024-06-26 21:00:00,25.048161510956405,21.0,1.2246467991473532e-13,0.19096437898018215,1.0375556667719596e-13,5.187778333859797e-15,25.0481615109564
2024-06-26 22:00:00,23.33230235965243,22.0,0.0,0.1926435736514465,0.0,0.0,23.33230235965243
2024-06-26 23:00:00,20.410247060962693,23.0,0.0,0.04778761045118103,0.0,0.0,20.410247060962693
2024-06-27 00:00:00,21.047446177209213,0.0,0.0,0.0,0.0,0.0,21.047446177209213
2024-06-27 01:00:00,19.199821479252915,1.0,0.0,0.4978476982180329,0.0,0.0,19.199821479252915
2024-06-27 02:00:00,19.723284253785003,2.0,0.0,0.2003975554627246,0.0,0.0,19.723284253785003
2024-06-27 03:00:00,23.383709921860625,3.0,0.0,0.041528227694209816,0.0,0.0,23.383709921860625
2024-06-27 04:00:00,21.368053109365874,4.0,0.0,0.28876058024646095,0.0,0.0,21.368053109365874
2024-06-27 05:00:00,21.380829503605764,5.0,0.0,0.134999262170321,0.0,0.0,21.380829503605764
2024-06-27 06:00:00,29.828215041492637,6.0,195.09032201612825,0.11343881795684649,177.38566959666414,8.869283479833205,20.958931561659433
2024-06-27 07:00:00,33.8239919289105,7.0,382.6834323650898,0.23571196569169517,310.52098110075366,15.526049055037682,18.29794287387282
2024-06-27 08:00:00,31.980286552851208,8.0,555.5702330196021,0.0,555.5702330196021,27.778511650980104,4.201774901871104
2024-06-27 09:00:00,32.094742939069725,9.0,707.1067811865476,0.20426511549209703,591.5569825270954,29.577849126354767,2.516893812714958
2024-06-27 10:00:00,36.60534184757156,10.0,831.4696123025452,0.438314256064284,539.9136246573862,26.995681232869305,9.609660614702253
2024-06-27 11:00:00,38.23091961308338,11.0,923.8795325112867,0.22129768423411778,760.3176116664491,38.01588058332245,0.2150390297609306
2024-06-27 12:00:00,39.37437250135729,12.0,980.7852804032304,0.0949392193370015,906.2932893162666,45.31466446581332,0.0
2024-06-27 13:00:00,38.32991793711723,13.0,1000.0,0.07530524284028488,939.7558057277721,46.987790286388595,0.0
2024-06-27 14:00:00,40.5285999766054,14.0,980.7852804032304,0.08982003890275476,910.3099427703764,45.51549713851882,0.0
2024-06-27 15:00:00,39.44701510077352,15.0,923.8795325112867,0.11327663319735401,840.1563621730276,42.00781810865137,0.0
2024-06-27 16:00:00,34.82945938213651,16.0,831.4696123025453,0.09470005499078038,768.4774378959743,38.42387189479871,0.0
2024-06-27 17:00:00,36.04879509754233,17.0,707.1067811865476,0.2888177510657062,543.7267889420604,27.186339447103013,8.862455650439319
2024-06-27 18:00:00,35.66721792394405,18.0,555.5702330196021,0.0,555.5702330196021,27.778511650980104,7.888706272963947
2024-06-27 19:00:00,30.25794049865559,19.0,382.6834323650899,0.2806710424663412,296.756906047884,14.837845302394198,15.420095196261391
2024-06-27 20:00:00,26.90582180587203,20.0,195.0903220161286,0.094418056133137,180.3542828360081,9.017714141800404,17.888107664071626
2024-06-27 21:00:00,24.78699517838872,21.0,1.2246467991473532e-13,0.207913202758827,1.0209506085400955e-13,5.104753042700477e-15,24.786995178388718
2024-06-27 22:00:00,23.85181733858737,22.0,0.0,0.0,0.0,0.0,23.85181733858737
2024-06-27 23:00:00,18.743738553894786,23.0,0.0,0.35066569493193656,0.0,0.0,18.743738553894786
2024-06-28 00:00:00,20.587327791575273,0.0,0.0,0.36928819356728626,0.0,0.0,20.587327791575273
2024-06-28 01:00:00,19.414304075805784,1.0,0.0,0.32638152840401635,0.0,0.0,19.414304075805784
2024-06-28 02:00:00,23.112479256543388,2.0,0.0,0.0,0.0,0.0,23.112479256543388
2024-06-28 03:00:00,21.078486861448177,3.0,0.0,0.3068111102014132,0.0,0.0,21.078486861448177
2024-06-28 04:00:00,25.430763604813805,4.0,0.0,0.24317121268686165,0.0,0.0,25.430763604813805
2024-06-28 05:00:00,23.34438895332699,5.0,0.0,0.0,0.0,0.0,23.34438895332699
2024-06-28 06:00:00,28.292698299178983,6.0,195.09032201612825,0.17879834197588299,167.18486112650837,8.359243056325417,19.93345524285357
2024-06-28 07:00:00,30.479100395686842,7.0,382.6834323650898,0.23712312289649468,310.0889599145621,15.504447995728103,14.974652399958739
2024-06-28 08:00:00,31.284619579228032,8.0,555.5702330196021,0.2658542406149779,437.40967109343205,21.8704835546716,9.41413602455643
2024-06-28 09:00:00,35.26609417195541,9.0,707.1067811865476,0.20903215458383367,588.8603379927368,29.443016899636838,5.823077272318571
2024-06-28 10:00:00,38.88984606711288,10.0,831.4696123025452,0.22612766206861226,681.0549886936892,34.05274943468446,4.83709663242842
2024-06-28 11:00:00,38.17456648141448,11.0,923.8795325112867,0.4034846583794697,625.6625584640062,31.283127923200304,6.891438558214176
2024-06-28 12:00:00,37.12131428913604,12.0,980.7852804032304,0.3663480360281073,693.3382714104304,34.66691357052151,2.4544007186145294
2024-06-28 13:00:00,39.97365576028383,13.0,1000.0,0.0,1000.0,49.99999999999999,0.0
2024-06-28 14:00:00,38.305623620701915,14.0,980.7852804032304,0.134827166315853,874.9960803063769,43.749804015318844,0.0
2024-06-28 15:00:00,38.14674262984857,15.0,923.8795325112867,0.1577452954099126,807.2894126879548,40.36447063439774,0.0
2024-06-28 16:00:00,36.9486861573378,16.0,831.4696123025453,0.0,831.4696123025453,41.57348061512726,0.0
2024-06-28 17:00:00,32.44152167597672,17.0,707.1067811865476,0.19657040827635214,595.9097662482941,29.7954883124147,2.6460333635620223
2024-06-28 18:00:00,30.164702942044194,18.0,555.5702330196021,0.36975661540308125,391.2296178355787,19.561480891778935,10.60322205026526
2024-06-28 19:00:00,30.723100253288287,19.0,382.6834323650899,0.019457770602916757,376.72649921269254,18.836324960634624,11.886775292653663
2024-06-28 20:00:00,26.62773150472027,20.0,195.0903220161286,0.23290309034498616,158.74061090096473,7.937030545048235,18.690700959672036
2024-06-28 21:00:00,21.152883487269154,21.0,1.2246467991473532e-13,0.045069427947039636,1.1804914946075576e-13,5.902457473037787e-15,21.152883487269147
2024-06-28 22:00:00,24.10619824304673,22.0,0.0,0.08165614598955379,0.0,0.0,24.10619824304673
2024-06-28 23:00:00,21.748300595066976,23.0,0.0,0.4040519946670106,0.0,0.0,21.748300595066976
2024-06-29 00:00:00,17.235855327343664,0.0,0.0,0.13726899836806622,0.0,0.0,17.235855327343664
2024-06-29 01:00:00,16.024754683412638,1.0,0.0,0.28798454473643365,0.0,0.0,16.024754683412638
2024-06-29 02:00:00,19.560379407869895,2.0,0.0,0.0,0.0,0.0,19.560379407869895
2024-06-29 03:00:00,19.729797299780696,3.0,0.0,0.498000305594072,0.0,0.0,19.729797299780696
2024-06-29 04:00:00,24.209942393347184,4.0,0.0,0.3090505383308148,0.0,0.0,24.209942393347184
2024-06-29 05:00:00,23.130282898087405,5.0,0.0,0.1912776949873007,0.0,0.0,23.130282898087405
2024-06-29 06:00:00,25.252183305970338,6.0,195.09032201612825,0.30498464788482416,147.49067948346757,7.374533974173377,17.87764933179696
2024-06-29 07:00:00,26.74960810483715,7.0,382.6834323650898,0.007179757042668405,380.4853731101812,19.024268655509054,7.7253394493280965
2024-06-29 08:00:00,30.554535206723873,8.0,555.5702330196021,0.3960322826477385,379.5512349764909,18.97756174882454,11.576973457899332
2024-06-29 09:00:00,32.43762780187223,9.0,707.1067811865476,0.17005495506037543,610.9091716684956,30.54545858342477,1.89216921844746
2024-06-29 10:00:00,35.24154854352672,10.0,831.4696123025452,0.18804224412757475,706.3884828455411,35.31942414227706,0.0
2024-06-29 11:00:00,34.01224425610402,11.0,923.8795325112867,0.1449043291400173,816.7802174194941,40.8390108709747,0.0
2024-06-29 12:00:00,35.04022122718567,12.0,980.7852804032304,0.13155496097300226,877.5635449741568,43.87817724870783,0.0
2024-06-29 13:00:00,35.28134524363203,13.0,1000.0,0.32285326312910123,741.7173894967191,37.085869474835945,0.0
2024-06-29 14:00:00,36.8795350183701,14.0,980.7852804032304,0.2570386989004734,779.1054625027647,38.955273125138234,0.0
2024-06-29 15:00:00,37.04179029450505,15.0,923.8795325112867,0.3164148925952959,690.016138070846,34.5008069035423,2.540983390962751
2024-06-29 16:00:00,32.67570029095498,16.0,831.4696123025453,0.21733346796200423,686.904672825157,34.34523364125784,0.0
2024-06-29 17:00:00,30.862839408310364,17.0,707.1067811865476,0.2956326430464171,539.8717038759687,26.99358519379843,3.8692542145119333
2024-06-29 18:00:00,29.800487241727392,18.0,555.5702330196021,0.1558253597960842,486.3126878577831,24.315634392889148,5.484852848838244
2024-06-29 19:00:00,26.631357749980648,19.0,382.6834323650899,0.5531124475962722,213.34985642109197,10.667492821054596,15.963864928926052
2024-06-29 20:00:00,26.098709073787145,20.0,195.0903220161286,0.0,195.0903220161286,9.754516100806429,16.344192972980714
2024-06-29 21:00:00,19.122334064071435,21.0,1.2246467991473532e-13,0.4077932699192876,8.251246209709626e-14,4.125623104854812e-15,19.12233406407143
2024-06-29 22:00:00,19.395981398945732,22.0,0.0,0.42383878899298555,0.0,0.0,19.395981398945732
2024-06-29 23:00:00,18.032146864997884,23.0,0.0,0.09082885049000089,0.0,0.0,18.032146864997884
2024-06-30 00:00:00,14.826133544819172,0.0,0.0,0.5928087034198442,0.0,0.0,14.826133544819172
2024-06-30 01:00:00,16.554542333446793,1.0,0.0,0.4077412042782459,0.0,0.0,16.554542333446793
2024-06-30 02:00:00,16.933933389629498,2.0,0.0,0.4040885128598849,0.0,0.0,16.933933389629498
2024-06-30 03:00:00,18.904114384161808,3.0,0.0,0.2626209898903297,0.0,0.0,18.904114384161808
2024-06-30 04:00:00,22.30548780681147,4.0,0.0,0.22583373810364674,0.0,0.0,22.30548780681147
2024-06-30 05:00:00,22.132409023213945,5.0,0.0,0.227006337780507,0.0,0.0,22.132409023213945
2024-06-30 06:00:00,23.124408013670582,6.0,195.09032201612825,0.3169972512843758,145.61584535109114,7.280792267554556,15.843615746116026
2024-06-30 07:00:00,26.914568188179707,7.0,382.6834323650898,0.4685956030915326,239.22441333928424,11.961220666964211,14.953347521215496
2024-06-30 08:00:00,30.90313183808471,8.0,555.5702330196021,0.28561479451566113,428.6269706652728,21.431348533263634,9.471783304821077
2024-06-30 09:00:00,30.036061775827644,9.0,707.1067811865476,0.12170111836585468,638.2622323269616,31.913111616348072,0.0
2024-06-30 10:00:00,31.998098704796757,10.0,831.4696123025452,0.38208172119419515,577.3181398311639,28.86590699155819,3.1321917132385657
2024-06-30 11:00:00,35.632052072971284,11.0,923.8795325112867,0.396590273795667,630.7582231089955,31.53791115544977,4.094140917521514
2024-06-30 12:00:00,35.361028263005416,12.0,980.7852804032304,0.3566165911036161,700.9738377616269,35.04869188808134,0.3123363749240724
2024-06-30 13:00:00,36.971227036064214,13.0,1000.0,0.3702424978151956,703.8060017478435,35.190300087392174,1.7809269486720396
2024-06-30 14:00:00,35.67286224890867,14.0,980.7852804032304,0.217778442312777,809.9101679156179,40.49550839578089,0.0
2024-06-30 15:00:00,35.8467241061943,15.0,923.8795325112867,0.1190692867668613,835.8749909155905,41.79374954577952,0.0
2024-06-30 16:00:00,31.811343859617967,16.0,831.4696123025453,0.12818864724033124,746.2016404445405,37.31008202222702,0.0
2024-06-30 17:00:00,31.4818730238176,17.0,707.1067811865476,0.013098174567769516,699.6973347401196,34.98486673700597,0.0
2024-06-30 18:00:00,29.013336384377958,18.0,555.5702330196021,0.29395995356834065,424.91791309768655,21.245895654884322,7.767440729493636
2024-06-30 19:00:00,25.176163613843805,19.0,382.6834323650899,0.24590034435245917,307.4018421278446,15.370092106392226,9.806071507451579
2024-06-30 20:00:00,22.325411672274278,20.0,195.0903220161286,0.19241950615699188,165.058975281447,8.252948764072348,14.07246290820193
2024-06-30 21:00:00,23.528623552911995,21.0,1.2246467991473532e-13,0.0,1.2246467991473532e-13,6.123233995736765e-15,23.528623552911988
2024-06-30 22:00:00,20.109610395994107,22.0,0.0,0.07132004138232287,0.0,0.0,20.109610395994107
2024-06-30 23:00:00,17.67235094346906,23.0,0.0,0.42654375954692325,0.0,0.0,17.67235094346906
