time,G1,G2,G3,total_gen_MW,net_load_MW
2024-06-01 00:00:00,18.763743,0.0,0.0,18.763743,18.763743183030037
2024-06-01 01:00:00,16.440024,0.0,0.0,16.440024,16.440023840639256
2024-06-01 02:00:00,19.432344,0.0,0.0,19.432344,19.432344357108075
2024-06-01 03:00:00,20.616618,0.0,0.0,20.616618,20.61661844052687
2024-06-01 04:00:00,17.709486,0.0,0.0,17.709486,17.70948618634032
2024-06-01 05:00:00,20.546731,0.0,0.0,20.546731,20.546730739706522
2024-06-01 06:00:00,17.779737,0.0,0.0,17.779737,17.77973687518712
2024-06-01 07:00:00,13.745503,0.0,0.0,13.745503,13.745503253366886
2024-06-01 08:00:00,4.391864,0.0,0.0,4.391864,4.391864009808554
2024-06-01 09:00:00,0.0,0.0,0.0,0.0,0.0
2024-06-01 10:00:00,5.3212737,0.0,0.0,5.3212737,5.321273710039627
2024-06-01 11:00:00,1.1765251,0.0,0.0,1.1765251,1.1765250715067737
2024-06-01 12:00:00,1.7517076,0.0,0.0,1.7517076,1.7517075655874237
2024-06-01 13:00:00,0.0,0.0,0.0,0.0,0.0
2024-06-01 14:00:00,0.76155143,0.0,0.0,0.76155143,0.7615514311161391
2024-06-01 15:00:00,0.0,0.0,0.0,0.0,0.0
2024-06-01 16:00:00,6.2013816,0.0,0.0,6.2013816,6.201381636089987
2024-06-01 17:00:00,6.6154646,0.0,0.0,6.6154646,6.6154645854875405
2024-06-01 18:00:00,4.135662,0.0,0.0,4.135662,4.135662034821745
2024-06-01 19:00:00,7.7909395,0.0,0.0,7.7909395,7.790939515266125
2024-06-01 20:00:00,18.152488,0.0,0.0,18.152488,18.152487805382577
2024-06-01 21:00:00,21.478606,0.0,0.0,21.478606,21.47860568339409
2024-06-01 22:00:00,22.469851,0.0,0.0,22.469851,22.46985097733212
2024-06-01 23:00:00,18.973977,0.0,0.0,18.973977,18.973977142836848
2024-06-02 00:00:00,17.664176,0.0,0.0,17.664176,17.664175830153727
2024-06-02 01:00:00,17.4718,0.0,0.0,17.4718,17.471799674267654
2024-06-02 02:00:00,19.105131,0.0,0.0,19.105131,19.105131341728413
2024-06-02 03:00:00,19.753937,0.0,0.0,19.753937,19.75393746248617
2024-06-02 04:00:00,21.255138,0.0,0.0,21.255138,21.255137886715058
2024-06-02 05:00:00,23.146232,0.0,0.0,23.146232,23.146231504511825
2024-06-02 06:00:00,20.807564,0.0,0.0,20.807564,20.80756444554774
2024-06-02 07:00:00,11.79778,0.0,0.0,11.79778,11.79778005690623
2024-06-02 08:00:00,4.9897658,0.0,0.0,4.9897658,4.989765752192611
2024-06-02 09:00:00,13.277543,0.0,0.0,13.277543,13.277543436579101
2024-06-02 10:00:00,12.980943,0.0,0.0,12.980943,12.980942595698746
2024-06-02 11:00:00,9.2143804,0.0,0.0,9.2143804,9.214380443482654
2024-06-02 12:00:00,0.0,0.0,0.0,0.0,0.0
2024-06-02 13:00:00,3.5331748,0.0,0.0,3.5331748,3.5331747568819587
2024-06-02 14:00:00,2.5821208,0.0,0.0,2.5821208,2.5821207699207136
2024-06-02 15:00:00,4.6525315,0.0,0.0,4.6525315,4.65253149252619
2024-06-02 16:00:00,10.500327,0.0,0.0,10.500327,10.500327214227728
2024-06-02 17:00:00,9.3164513,0.0,0.0,9.3164513,9.316451311215317
2024-06-02 18:00:00,10.610294,0.0,0.0,10.610294,10.610293652574285
2024-06-02 19:00:00,14.905187,0.0,0.0,14.905187,14.905187326189042
2024-06-02 20:00:00,18.155628,0.0,0.0,18.155628,18.155628174040718
2024-06-02 21:00:00,22.828033,0.0,0.0,22.828033,22.828032895093514
2024-06-02 22:00:00,21.943182,0.0,0.0,21.943182,21.943182136243358
2024-06-02 23:00:00,19.541165,0.0,0.0,19.541165,19.541164689102075
2024-06-03 00:00:00,21.359112,0.0,0.0,21.359112,21.35911208171716
2024-06-03 01:00:00,20.101369,0.0,0.0,20.101369,20.101368604233336
2024-06-03 02:00:00,20.774421,0.0,0.0,20.774421,20.774420835144294
2024-06-03 03:00:00,22.286678,0.0,0.0,22.286678,22.286678300913426
2024-06-03 04:00:00,20.743198,0.0,0.0,20.743198,20.743198458351024
2024-06-03 05:00:00,24.520493,0.0,0.0,24.520493,24.520493175464047
2024-06-03 06:00:00,19.94173,0.0,0.0,19.94173,19.941730145619637
2024-06-03 07:00:00,16.210567,0.0,0.0,16.210567,16.210566742874008
2024-06-03 08:00:00,9.2265735,0.0,0.0,9.2265735,9.226573527483204
2024-06-03 09:00:00,14.357496,0.0,0.0,14.357496,14.357495650469733
2024-06-03 10:00:00,7.1832435,0.0,0.0,7.1832435,7.18324352922216
2024-06-03 11:00:00,0.79049284,0.0,0.0,0.79049284,0.7904928392281789
2024-06-03 12:00:00,2.7552032,0.0,0.0,2.7552032,2.7552032083658986
2024-06-03 13:00:00,4.2731882,0.0,0.0,4.2731882,4.2731882164868935
2024-06-03 14:00:00,16.403047,0.0,0.0,16.403047,16.4030469026775
2024-06-03 15:00:00,12.395243,0.0,0.0,12.395243,12.39524292820904
2024-06-03 16:00:00,9.3046749,0.0,0.0,9.3046749,9.304674894301915
2024-06-03 17:00:00,12.676328,0.0,0.0,12.676328,12.67632823851972
2024-06-03 18:00:00,12.908579,0.0,0.0,12.908579,12.908578647711746
2024-06-03 19:00:00,15.543802,0.0,0.0,15.543802,15.543801957198319
2024-06-03 20:00:00,20.653118,0.0,0.0,20.653118,20.653117772649992
2024-06-03 21:00:00,24.713044,0.0,0.0,24.713044,24.71304351267758
2024-06-03 22:00:00,21.015403,0.0,0.0,21.015403,21.015402703127645
2024-06-03 23:00:00,19.639815,0.0,0.0,19.639815,19.639815141150393
2024-06-04 00:00:00,18.961563,0.0,0.0,18.961563,18.961563308106903
2024-06-04 01:00:00,20.745741,0.0,0.0,20.745741,20.745741116080644
2024-06-04 02:00:00,20.55438,0.0,0.0,20.55438,20.554380341215168
2024-06-04 03:00:00,22.375474,0.0,0.0,22.375474,22.375473993257266
2024-06-04 04:00:00,22.288053,0.0,0.0,22.288053,22.288053218629724
2024-06-04 05:00:00,25.23781,0.0,0.0,25.23781,25.23780953661507
2024-06-04 06:00:00,23.054918,0.0,0.0,23.054918,23.05491765656842
2024-06-04 07:00:00,16.882844,0.0,0.0,16.882844,16.882843820761444
2024-06-04 08:00:00,11.95724,0.0,0.0,11.95724,11.95724019063768
2024-06-04 09:00:00,5.8643242,0.0,0.0,5.8643242,5.8643241679980775
2024-06-04 10:00:00,10.559617,0.0,0.0,10.559617,10.559617420549383
2024-06-04 11:00:00,9.4270214,0.0,0.0,9.4270214,9.427021439298894
2024-06-04 12:00:00,12.78316,0.0,0.0,12.78316,12.783159558681078
2024-06-04 13:00:00,14.032619,0.0,0.0,14.032619,14.03261864157066
2024-06-04 14:00:00,5.5191156,0.0,0.0,5.5191156,5.519115565316682
2024-06-04 15:00:00,1.018937,0.0,0.0,1.018937,1.0189370190883693
2024-06-04 16:00:00,8.5141825,0.0,0.0,8.5141825,8.514182508454816
2024-06-04 17:00:00,13.046388,0.0,0.0,13.046388,13.046388486790406
2024-06-04 18:00:00,14.413419,0.0,0.0,14.413419,14.413418562010339
2024-06-04 19:00:00,15.782884,0.0,0.0,15.782884,15.782883761153046
2024-06-04 20:00:00,20.576812,0.0,0.0,20.576812,20.576811837377036
2024-06-04 21:00:00,24.880423,0.0,0.0,24.880423,24.8804226836404
2024-06-04 22:00:00,20.397931,0.0,0.0,20.397931,20.39793053719748
2024-06-04 23:00:00,19.169077,0.0,0.0,19.169077,19.16907725352098
2024-06-05 00:00:00,18.356692,0.0,0.0,18.356692,18.356692318577714
2024-06-05 01:00:00,18.50413,0.0,0.0,18.50413,18.504129758597777
2024-06-05 02:00:00,20.940403,0.0,0.0,20.940403,20.940403077194475
2024-06-05 03:00:00,19.981527,0.0,0.0,19.981527,19.981527379115523
2024-06-05 04:00:00,22.361688,0.0,0.0,22.361688,22.36168835707544
2024-06-05 05:00:00,26.948842,0.0,0.0,26.948842,26.948842446679098
2024-06-05 06:00:00,19.263561,0.0,0.0,19.263561,19.263561464139755
2024-06-05 07:00:00,13.979365,0.0,0.0,13.979365,13.979365085314292
2024-06-05 08:00:00,7.1727338,0.0,0.0,7.1727338,7.172733753327655
2024-06-05 09:00:00,12.149151,0.0,0.0,12.149151,12.149150985845864
2024-06-05 10:00:00,9.1476488,0.0,0.0,9.1476488,9.14764884447333
2024-06-05 11:00:00,7.884943,0.0,0.0,7.884943,7.884942967396068
2024-06-05 12:00:00,16.625961,0.0,0.0,16.625961,16.62596093301281
2024-06-05 13:00:00,0.0,0.0,0.0,0.0,0.0
2024-06-05 14:00:00,11.201934,0.0,0.0,11.201934,11.201933817503786
2024-06-05 15:00:00,18.05753,0.0,0.0,18.05753,18.057530333081107
2024-06-05 16:00:00,3.9009237,0.0,0.0,3.9009237,3.900923718137534
2024-06-05 17:00:00,8.5533349,0.0,0.0,8.5533349,8.553334937165921
2024-06-05 18:00:00,12.377963,0.0,0.0,12.377963,12.377962981353761
2024-06-05 19:00:00,14.885396,0.0,0.0,14.885396,14.885395719184668
2024-06-05 20:00:00,21.125331,0.0,0.0,21.125331,21.12533117812056
2024-06-05 21:00:00,25.032778,0.0,0.0,25.032778,25.032778218285163
2024-06-05 22:00:00,25.331601,0.0,0.0,25.331601,25.331600525115903
2024-06-05 23:00:00,20.980713,0.0,0.0,20.980713,20.980712520946078
2024-06-06 00:00:00,18.805495,0.0,0.0,18.805495,18.805495498176523
2024-06-06 01:00:00,20.268913,0.0,0.0,20.268913,20.268913452434475
2024-06-06 02:00:00,20.670737,0.0,0.0,20.670737,20.670736763066966
2024-06-06 03:00:00,23.378527,0.0,0.0,23.378527,23.378527325016268
2024-06-06 04:00:00,24.181599,0.0,0.0,24.181599,24.18159905700639
2024-06-06 05:00:00,25.535307,0.0,0.0,25.535307,25.535306588724264
2024-06-06 06:00:00,27.265939,0.0,0.0,27.265939,27.265938576078693
2024-06-06 07:00:00,18.280831,0.0,0.0,18.280831,18.280830895154004
2024-06-06 08:00:00,12.008387,0.0,0.0,12.008387,12.008387061937224
2024-06-06 09:00:00,15.750168,0.0,0.0,15.750168,15.75016767853355
2024-06-06 10:00:00,8.8459817,0.0,0.0,8.8459817,8.845981737497752
2024-06-06 11:00:00,5.1738067,0.0,0.0,5.1738067,5.173806722454639
2024-06-06 12:00:00,15.484081,0.0,0.0,15.484081,15.484080812905113
2024-06-06 13:00:00,8.7813827,0.0,0.0,8.7813827,8.781382711254277
2024-06-06 14:00:00,8.6176269,0.0,0.0,8.6176269,8.617626852278566
2024-06-06 15:00:00,8.5078123,0.0,0.0,8.5078123,8.507812303568148
2024-06-06 16:00:00,13.385236,0.0,0.0,13.385236,13.385235620091667
2024-06-06 17:00:00,16.089089,0.0,0.0,16.089089,16.089089259419893
2024-06-06 18:00:00,11.863994,0.0,0.0,11.863994,11.863994395942871
2024-06-06 19:00:00,24.01065,0.0,0.0,24.01065,24.01064976188784
2024-06-06 20:00:00,20.822122,0.0,0.0,20.822122,20.82212195241882
2024-06-06 21:00:00,23.515693,0.0,0.0,23.515693,23.515692819952204
2024-06-06 22:00:00,19.730863,0.0,0.0,19.730863,19.730862767037564
2024-06-06 23:00:00,21.741313,0.0,0.0,21.741313,21.741313155671367
2024-06-07 00:00:00,19.12133,0.0,0.0,19.12133,19.12133009414383
2024-06-07 01:00:00,19.376964,0.0,0.0,19.376964,19.376964109730473
2024-06-07 02:00:00,19.422597,0.0,0.0,19.422597,19.422596538519606
2024-06-07 03:00:00,21.12856,0.0,0.0,21.12856,21.128559632531037
2024-06-07 04:00:00,24.527903,0.0,0.0,24.527903,24.52790253431599
2024-06-07 05:00:00,25.235573,0.0,0.0,25.235573,25.235572851168016
2024-06-07 06:00:00,21.571183,0.0,0.0,21.571183,21.57118277150412
2024-06-07 07:00:00,14.501954,0.0,0.0,14.501954,14.501953916608912
2024-06-07 08:00:00,15.605866,0.0,0.0,15.605866,15.605866077525576
2024-06-07 09:00:00,13.047765,0.0,0.0,13.047765,13.047764958294525
2024-06-07 10:00:00,2.2821706,0.0,0.0,2.2821706,2.282170554764157
2024-06-07 11:00:00,2.3770046,0.0,0.0,2.3770046,2.3770046041102475
2024-06-07 12:00:00,9.9745918,0.0,0.0,9.9745918,9.974591758867884
2024-06-07 13:00:00,9.7567575,0.0,0.0,9.7567575,9.75675749017769
2024-06-07 14:00:00,8.4941345,0.0,0.0,8.4941345,8.494134515320308
2024-06-07 15:00:00,8.6495948,0.0,0.0,8.6495948,8.649594836976672
2024-06-07 16:00:00,11.479021,0.0,0.0,11.479021,11.479021057925458
2024-06-07 17:00:00,16.442628,0.0,0.0,16.442628,16.442628105694343
2024-06-07 18:00:00,15.192475,0.0,0.0,15.192475,15.19247486564442
2024-06-07 19:00:00,14.446613,0.0,0.0,14.446613,14.446613456688175
2024-06-07 20:00:00,21.460665,0.0,0.0,21.460665,21.4606650731039
2024-06-07 21:00:00,23.645609,0.0,0.0,23.645609,23.64560923286946
2024-06-07 22:00:00,24.326292,0.0,0.0,24.326292,24.326291707445893
2024-06-07 23:00:00,21.917172,0.0,0.0,21.917172,21.91717241131441
2024-06-08 00:00:00,18.071711,0.0,0.0,18.071711,18.07171071691125
2024-06-08 01:00:00,17.938856,0.0,0.0,17.938856,17.93885621079685
2024-06-08 02:00:00,17.324486,0.0,0.0,17.324486,17.3244860202543
2024-06-08 03:00:00,19.87488,0.0,0.0,19.87488,19.874879668163175
2024-06-08 04:00:00,19.953564,0.0,0.0,19.953564,19.953563748809906
2024-06-08 05:00:00,20.661591,0.0,0.0,20.661591,20.661591354349127
2024-06-08 06:00:00,16.527551,0.0,0.0,16.527551,16.52755061813592
2024-06-08 07:00:00,18.170997,0.0,0.0,18.170997,18.170997169840277
2024-06-08 08:00:00,12.753103,0.0,0.0,12.753103,12.753102972760157
2024-06-08 09:00:00,6.8372899,0.0,0.0,6.8372899,6.837289885193972
2024-06-08 10:00:00,10.594499,0.0,0.0,10.594499,10.594498902292074
2024-06-08 11:00:00,0.0,0.0,0.0,0.0,0.0
2024-06-08 12:00:00,10.479017,0.0,0.0,10.479017,10.479017212805033
2024-06-08 13:00:00,6.900568,0.0,0.0,6.900568,6.900568017349581
2024-06-08 14:00:00,4.7427439,0.0,0.0,4.7427439,4.742743880249211
2024-06-08 15:00:00,17.501042,0.0,0.0,17.501042,17.501041578072968
2024-06-08 16:00:00,5.9224888,0.0,0.0,5.9224888,5.922488799154898
2024-06-08 17:00:00,21.300547,0.0,0.0,21.300547,21.300546558795304
2024-06-08 18:00:00,12.16131,0.0,0.0,12.16131,12.161310279567846
2024-06-08 19:00:00,10.733864,0.0,0.0,10.733864,10.733864224312729
2024-06-08 20:00:00,16.838974,0.0,0.0,16.838974,16.8389741345809
2024-06-08 21:00:00,24.976392,0.0,0.0,24.976392,24.976391898346876
2024-06-08 22:00:00,23.221538,0.0,0.0,23.221538,23.22153755049602
2024-06-08 23:00:00,18.936493,0.0,0.0,18.936493,18.93649254601615
2024-06-09 00:00:00,17.731887,0.0,0.0,17.731887,17.731886581694408
2024-06-09 01:00:00,20.192166,0.0,0.0,20.192166,20.1921664383633
2024-06-09 02:00:00,16.646099,0.0,0.0,16.646099,16.646099040333155
2024-06-09 03:00:00,17.863681,0.0,0.0,17.863681,17.863680837506312
2024-06-09 04:00:00,21.601029,0.0,0.0,21.601029,21.601029161354642
2024-06-09 05:00:00,21.908092,0.0,0.0,21.908092,21.908092315710615
2024-06-09 06:00:00,20.397637,0.0,0.0,20.397637,20.39763681086123
2024-06-09 07:00:00,10.939059,0.0,0.0,10.939059,10.93905925417008
2024-06-09 08:00:00,12.084562,0.0,0.0,12.084562,12.084561971799157
2024-06-09 09:00:00,8.6886387,0.0,0.0,8.6886387,8.688638740484954
2024-06-09 10:00:00,9.1141071,0.0,0.0,9.1141071,9.114107084849017
2024-06-09 11:00:00,4.8355606,0.0,0.0,4.8355606,4.835560553754455
2024-06-09 12:00:00,2.1737421,0.0,0.0,2.1737421,2.1737421242125414
2024-06-09 13:00:00,17.176147,0.0,0.0,17.176147,17.176146841275315
2024-06-09 14:00:00,3.9631938,0.0,0.0,3.9631938,3.963193795234112
2024-06-09 15:00:00,7.5028997,0.0,0.0,7.5028997,7.50289971349099
2024-06-09 16:00:00,5.9074558,0.0,0.0,5.9074558,5.907455752723838
2024-06-09 17:00:00,10.075847,0.0,0.0,10.075847,10.075846839928456
2024-06-09 18:00:00,14.031827,0.0,0.0,14.031827,14.031826585245856
2024-06-09 19:00:00,14.542534,0.0,0.0,14.542534,14.542534067642256
2024-06-09 20:00:00,20.219358,0.0,0.0,20.219358,20.219357705058265
2024-06-09 21:00:00,21.773746,0.0,0.0,21.773746,21.77374584999963
2024-06-09 22:00:00,20.144529,0.0,0.0,20.144529,20.144529327778134
2024-06-09 23:00:00,20.709908,0.0,0.0,20.709908,20.709908103896957
2024-06-10 00:00:00,21.147915,0.0,0.0,21.147915,21.14791489261521
2024-06-10 01:00:00,22.006097,0.0,0.0,22.006097,22.006097161164114
2024-06-10 02:00:00,20.108983,0.0,0.0,20.108983,20.108983218234467
2024-06-10 03:00:00,20.295832,0.0,0.0,20.295832,20.29583204464956
2024-06-10 04:00:00,22.593144,0.0,0.0,22.593144,22.593143962813777
2024-06-10 05:00:00,25.363745,0.0,0.0,25.363745,25.363745186906833
2024-06-10 06:00:00,22.322036,0.0,0.0,22.322036,22.322035737953357
2024-06-10 07:00:00,19.4991,0.0,0.0,19.4991,19.499099950808507
2024-06-10 08:00:00,16.803842,0.0,0.0,16.803842,16.80384179724752
2024-06-10 09:00:00,12.343173,0.0,0.0,12.343173,12.34317275984975
2024-06-10 10:00:00,17.253081,0.0,0.0,17.253081,17.253081141907366
2024-06-10 11:00:00,0.0,0.0,0.0,0.0,0.0
2024-06-10 12:00:00,10.824983,0.0,0.0,10.824983,10.824982603777443
2024-06-10 13:00:00,0.0,0.0,0.0,0.0,0.0
2024-06-10 14:00:00,0.0,0.0,0.0,0.0,0.0
2024-06-10 15:00:00,12.200343,0.0,0.0,12.200343,12.200343061846716
2024-06-10 16:00:00,14.657134,0.0,0.0,14.657134,14.657133590330076
2024-06-10 17:00:00,10.386943,0.0,0.0,10.386943,10.3869432034551
2024-06-10 18:00:00,12.236189,0.0,0.0,12.236189,12.236189178605699
2024-06-10 19:00:00,20.535338,0.0,0.0,20.535338,20.535338464576405
2024-06-10 20:00:00,17.695202,0.0,0.0,17.695202,17.695201578506257
2024-06-10 21:00:00,24.756001,0.0,0.0,24.756001,24.75600111918264
2024-06-10 22:00:00,21.335311,0.0,0.0,21.335311,21.335310570345182
2024-06-10 23:00:00,20.545587,0.0,0.0,20.545587,20.545586821106504
2024-06-11 00:00:00,19.025451,0.0,0.0,19.025451,19.025450569857938
2024-06-11 01:00:00,19.858606,0.0,0.0,19.858606,19.858606168621165
2024-06-11 02:00:00,17.704149,0.0,0.0,17.704149,17.70414915007437
2024-06-11 03:00:00,19.139178,0.0,0.0,19.139178,19.13917809406913
2024-06-11 04:00:00,26.122803,0.0,0.0,26.122803,26.12280285617697
2024-06-11 05:00:00,23.068866,0.0,0.0,23.068866,23.068866128088953
2024-06-11 06:00:00,19.405362,0.0,0.0,19.405362,19.405362176787985
2024-06-11 07:00:00,19.160561,0.0,0.0,19.160561,19.16056074686226
2024-06-11 08:00:00,22.7645,0.0,0.0,22.7645,22.764499760516856
2024-06-11 09:00:00,11.418418,0.0,0.0,11.418418,11.418417602915362
2024-06-11 10:00:00,9.2726231,0.0,0.0,9.2726231,9.272623131589906
2024-06-11 11:00:00,9.8773944,0.0,0.0,9.8773944,9.877394415807984
2024-06-11 12:00:00,13.090553,0.0,0.0,13.090553,13.090552570392411
2024-06-11 13:00:00,11.148803,0.0,0.0,11.148803,11.148802810771834
2024-06-11 14:00:00,2.9335624,0.0,0.0,2.9335624,2.9335623554428736
2024-06-11 15:00:00,5.3458544,0.0,0.0,5.3458544,5.3458543574641695
2024-06-11 16:00:00,17.399005,0.0,0.0,17.399005,17.399005303595633
2024-06-11 17:00:00,10.715291,0.0,0.0,10.715291,10.715290502817108
2024-06-11 18:00:00,10.401959,0.0,0.0,10.401959,10.40195888334144
2024-06-11 19:00:00,17.066033,0.0,0.0,17.066033,17.066033075580208
2024-06-11 20:00:00,21.535136,0.0,0.0,21.535136,21.53513588361635
2024-06-11 21:00:00,24.600419,0.0,0.0,24.600419,24.600418764986568
2024-06-11 22:00:00,23.277187,0.0,0.0,23.277187,23.277187022573912
2024-06-11 23:00:00,20.506755,0.0,0.0,20.506755,20.50675513392709
2024-06-12 00:00:00,21.04805,0.0,0.0,21.04805,21.048049520927027
2024-06-12 01:00:00,21.519074,0.0,0.0,21.519074,21.519073726729744
2024-06-12 02:00:00,20.573886,0.0,0.0,20.573886,20.57388572861202
2024-06-12 03:00:00,21.867381,0.0,0.0,21.867381,21.86738057475442
2024-06-12 04:00:00,23.008665,0.0,0.0,23.008665,23.008665209501327
2024-06-12 05:00:00,25.000127,0.0,0.0,25.000127,25.000126589637123
2024-06-12 06:00:00,21.094905,0.0,0.0,21.094905,21.094905013551532
2024-06-12 07:00:00,21.604448,0.0,0.0,21.604448,21.604447746030928
2024-06-12 08:00:00,20.614936,0.0,0.0,20.614936,20.6149363856687
2024-06-12 09:00:00,21.051814,0.0,0.0,21.051814,21.05181411369282
2024-06-12 10:00:00,12.23103,0.0,0.0,12.23103,12.231029792737967
2024-06-12 11:00:00,11.579438,0.0,0.0,11.579438,11.579437618796632
2024-06-12 12:00:00,11.588287,0.0,0.0,11.588287,11.588287353249338
2024-06-12 13:00:00,7.0036091,0.0,0.0,7.0036091,7.003609091640811
2024-06-12 14:00:00,10.776566,0.0,0.0,10.776566,10.776565629734826
2024-06-12 15:00:00,14.005858,0.0,0.0,14.005858,14.005857942032954
2024-06-12 16:00:00,10.842906,0.0,0.0,10.842906,10.842906056606122
2024-06-12 17:00:00,6.6228229,0.0,0.0,6.6228229,6.622822869596515
2024-06-12 18:00:00,14.789019,0.0,0.0,14.789019,14.789019082879246
2024-06-12 19:00:00,19.870296,0.0,0.0,19.870296,19.870295772890486
2024-06-12 20:00:00,19.496078,0.0,0.0,19.496078,19.49607796506075
2024-06-12 21:00:00,24.292713,0.0,0.0,24.292713,24.292712788825078
2024-06-12 22:00:00,23.324508,0.0,0.0,23.324508,23.324507994669307
2024-06-12 23:00:00,21.418446,0.0,0.0,21.418446,21.41844615968998
2024-06-13 00:00:00,19.902485,0.0,0.0,19.902485,19.902484958403985
2024-06-13 01:00:00,19.844768,0.0,0.0,19.844768,19.844767597901058
2024-06-13 02:00:00,19.962776,0.0,0.0,19.962776,19.96277566979899
2024-06-13 03:00:00,21.56859,0.0,0.0,21.56859,21.568589730309316
2024-06-13 04:00:00,25.13617,0.0,0.0,25.13617,25.13617014762426
2024-06-13 05:00:00,21.150012,0.0,0.0,21.150012,21.150012338603055
2024-06-13 06:00:00,19.337204,0.0,0.0,19.337204,19.33720414582123
2024-06-13 07:00:00,15.177861,0.0,0.0,15.177861,15.177861224783305
2024-06-13 08:00:00,14.706876,0.0,0.0,14.706876,14.706876154287727
2024-06-13 09:00:00,9.7352366,0.0,0.0,9.7352366,9.735236648130236
2024-06-13 10:00:00,5.0695512,0.0,0.0,5.0695512,5.069551204105736
2024-06-13 11:00:00,11.824347,0.0,0.0,11.824347,11.824346913824318
2024-06-13 12:00:00,11.59244,0.0,0.0,11.59244,11.592440425283879
2024-06-13 13:00:00,6.2977771,0.0,0.0,6.2977771,6.297777134831303
2024-06-13 14:00:00,10.708811,0.0,0.0,10.708811,10.708810926637732
2024-06-13 15:00:00,10.819791,0.0,0.0,10.819791,10.819791334798577
2024-06-13 16:00:00,0.0,0.0,0.0,0.0,0.0
2024-06-13 17:00:00,8.3294295,0.0,0.0,8.3294295,8.329429494075054
2024-06-13 18:00:00,6.3197264,0.0,0.0,6.3197264,6.319726373038851
2024-06-13 19:00:00,19.290379,0.0,0.0,19.290379,19.29037910424882
2024-06-13 20:00:00,21.784307,0.0,0.0,21.784307,21.78430680025319
2024-06-13 21:00:00,27.598467,0.0,0.0,27.598467,27.598467408114917
2024-06-13 22:00:00,24.69505,0.0,0.0,24.69505,24.69505002160107
2024-06-13 23:00:00,21.998376,0.0,0.0,21.998376,21.99837598054998
2024-06-14 00:00:00,22.956644,0.0,0.0,22.956644,22.956643526361006
2024-06-14 01:00:00,20.65849,0.0,0.0,20.65849,20.65848973810745
2024-06-14 02:00:00,21.582724,0.0,0.0,21.582724,21.582724002304907
2024-06-14 03:00:00,20.89489,0.0,0.0,20.89489,20.89488953185355
2024-06-14 04:00:00,23.028751,0.0,0.0,23.028751,23.028750911923332
2024-06-14 05:00:00,23.953864,0.0,0.0,23.953864,23.953864265049585
2024-06-14 06:00:00,23.060637,0.0,0.0,23.060637,23.060636906669547
2024-06-14 07:00:00,16.491167,0.0,0.0,16.491167,16.49116681774138
2024-06-14 08:00:00,11.27509,0.0,0.0,11.27509,11.275089808505207
2024-06-14 09:00:00,14.276698,0.0,0.0,14.276698,14.27669848978277
2024-06-14 10:00:00,13.422627,0.0,0.0,13.422627,13.422626586111445
2024-06-14 11:00:00,8.250344,0.0,0.0,8.250344,8.25034400985292
2024-06-14 12:00:00,3.8257036,0.0,0.0,3.8257036,3.8257035850353986
2024-06-14 13:00:00,1.1948191,0.0,0.0,1.1948191,1.194819069860948
2024-06-14 14:00:00,0.058738477,0.0,0.0,0.058738477,0.05873847682207867
2024-06-14 15:00:00,9.4663588,0.0,0.0,9.4663588,9.466358834885174
2024-06-14 16:00:00,1.6552853,0.0,0.0,1.6552853,1.6552853022215572
2024-06-14 17:00:00,11.50958,0.0,0.0,11.50958,11.509579726277103
2024-06-14 18:00:00,11.411836,0.0,0.0,11.411836,11.411835967571193
2024-06-14 19:00:00,17.190979,0.0,0.0,17.190979,17.190979285614677
2024-06-14 20:00:00,19.713132,0.0,0.0,19.713132,19.713132025370257
2024-06-14 21:00:00,23.479424,0.0,0.0,23.479424,23.479423950339402
2024-06-14 22:00:00,22.978105,0.0,0.0,22.978105,22.97810532744892
2024-06-14 23:00:00,19.514906,0.0,0.0,19.514906,19.51490573808392
2024-06-15 00:00:00,17.299957,0.0,0.0,17.299957,17.299957147303516
2024-06-15 01:00:00,18.468014,0.0,0.0,18.468014,18.468014207326867
2024-06-15 02:00:00,20.039636,0.0,0.0,20.039636,20.03963561755843
2024-06-15 03:00:00,20.118914,0.0,0.0,20.118914,20.11891357427671
2024-06-15 04:00:00,17.199105,0.0,0.0,17.199105,17.199104706423924
2024-06-15 05:00:00,22.95655,0.0,0.0,22.95655,22.95655009354539
2024-06-15 06:00:00,17.155421,0.0,0.0,17.155421,17.155420571906514
2024-06-15 07:00:00,16.315104,0.0,0.0,16.315104,16.315104347897226
2024-06-15 08:00:00,9.4181463,0.0,0.0,9.4181463,9.418146299014083
2024-06-15 09:00:00,2.4555841,0.0,0.0,2.4555841,2.4555840964095097
2024-06-15 10:00:00,0.0,0.0,0.0,0.0,0.0
2024-06-15 11:00:00,4.6321713,0.0,0.0,4.6321713,4.632171340769105
2024-06-15 12:00:00,6.1865836,0.0,0.0,6.1865836,6.186583591213463
2024-06-15 13:00:00,1.41308,0.0,0.0,1.41308,1.413080019697226
2024-06-15 14:00:00,0.0,0.0,0.0,0.0,0.0
2024-06-15 15:00:00,0.0,0.0,0.0,0.0,0.0
2024-06-15 16:00:00,1.1507791,0.0,0.0,1.1507791,1.1507790520410346
2024-06-15 17:00:00,0.26906025,0.0,0.0,0.26906025,0.2690602490775049
2024-06-15 18:00:00,7.7014792,0.0,0.0,7.7014792,7.7014792424832805
2024-06-15 19:00:00,13.964585,0.0,0.0,13.964585,13.964585051325406
2024-06-15 20:00:00,19.47725,0.0,0.0,19.47725,19.47725042315826
2024-06-15 21:00:00,22.905515,0.0,0.0,22.905515,22.90551485892259
2024-06-15 22:00:00,19.341021,0.0,0.0,19.341021,19.341021072212
2024-06-15 23:00:00,18.984478,0.0,0.0,18.984478,18.98447834557952
2024-06-16 00:00:00,18.077884,0.0,0.0,18.077884,18.07788376471985
2024-06-16 01:00:00,18.575091,0.0,0.0,18.575091,18.575090796530244
2024-06-16 02:00:00,19.806404,0.0,0.0,19.806404,19.806403933763832
2024-06-16 03:00:00,17.617967,0.0,0.0,17.617967,17.617967242972437
2024-06-16 04:00:00,20.448525,0.0,0.0,20.448525,20.44852542384171
2024-06-16 05:00:00,24.722183,0.0,0.0,24.722183,24.72218332148846
2024-06-16 06:00:00,14.505268,0.0,0.0,14.505268,14.505268031781492
2024-06-16 07:00:00,7.6803358,0.0,0.0,7.6803358,7.680335799472669
2024-06-16 08:00:00,10.698702,0.0,0.0,10.698702,10.698702311065084
2024-06-16 09:00:00,4.722581,0.0,0.0,4.722581,4.722581040311962
2024-06-16 10:00:00,0.0,0.0,0.0,0.0,0.0
2024-06-16 11:00:00,1.7273963,0.0,0.0,1.7273963,1.727396330930766
2024-06-16 12:00:00,4.3866299,0.0,0.0,4.3866299,4.386629870593204
2024-06-16 13:00:00,0.34491376,0.0,0.0,0.34491376,0.34491375849349026
2024-06-16 14:00:00,0.0,0.0,0.0,0.0,0.0
2024-06-16 15:00:00,9.9759678,0.0,0.0,9.9759678,9.975967824671201
2024-06-16 16:00:00,9.3386418,0.0,0.0,9.3386418,9.338641777390773
2024-06-16 17:00:00,3.7228851,0.0,0.0,3.7228851,3.722885064769798
2024-06-16 18:00:00,13.869715,0.0,0.0,13.869715,13.86971487673425
2024-06-16 19:00:00,14.623146,0.0,0.0,14.623146,14.623145510336418
2024-06-16 20:00:00,18.741846,0.0,0.0,18.741846,18.741845661264357
2024-06-16 21:00:00,24.464326,0.0,0.0,24.464326,24.46432602729079
2024-06-16 22:00:00,18.23265,0.0,0.0,18.23265,18.232649657732686
2024-06-16 23:00:00,17.328301,0.0,0.0,17.328301,17.32830054478084
2024-06-17 00:00:00,17.938825,0.0,0.0,17.938825,17.938824831431038
2024-06-17 01:00:00,18.808796,0.0,0.0,18.808796,18.808795564961866
2024-06-17 02:00:00,21.000197,0.0,0.0,21.000197,21.00019664613481
2024-06-17 03:00:00,22.126028,0.0,0.0,22.126028,22.126027726374772
2024-06-17 04:00:00,23.343343,0.0,0.0,23.343343,23.343343457127354
2024-06-17 05:00:00,22.880851,0.0,0.0,22.880851,22.88085117416145
2024-06-17 06:00:00,17.949792,0.0,0.0,17.949792,17.94979175551884
2024-06-17 07:00:00,14.279253,0.0,0.0,14.279253,14.27925335863367
2024-06-17 08:00:00,6.0038502,0.0,0.0,6.0038502,6.003850230233645
2024-06-17 09:00:00,6.6228062,0.0,0.0,6.6228062,6.622806205776975
2024-06-17 10:00:00,5.6541905,0.0,0.0,5.6541905,5.654190498997465
2024-06-17 11:00:00,2.6613675,0.0,0.0,2.6613675,2.6613674547280226
2024-06-17 12:00:00,8.5696662,0.0,0.0,8.5696662,8.569666185279637
2024-06-17 13:00:00,0.0,0.0,0.0,0.0,0.0
2024-06-17 14:00:00,3.6248022,0.0,0.0,3.6248022,3.624802226980684
2024-06-17 15:00:00,0.0,0.0,0.0,0.0,0.0
2024-06-17 16:00:00,6.0693782,0.0,0.0,6.0693782,6.069378195491662
2024-06-17 17:00:00,7.2621688,0.0,0.0,7.2621688,7.262168789670582
2024-06-17 18:00:00,9.2837941,0.0,0.0,9.2837941,9.283794110853872
2024-06-17 19:00:00,13.689415,0.0,0.0,13.689415,13.689414997404715
2024-06-17 20:00:00,20.24005,0.0,0.0,20.24005,20.240050292088345
2024-06-17 21:00:00,24.601242,0.0,0.0,24.601242,24.601241812126933
2024-06-17 22:00:00,22.752619,0.0,0.0,22.752619,22.752618937142334
2024-06-17 23:00:00,22.584025,0.0,0.0,22.584025,22.584024525191722
2024-06-18 00:00:00,17.351151,0.0,0.0,17.351151,17.351151180528085
2024-06-18 01:00:00,18.055292,0.0,0.0,18.055292,18.05529150788786
2024-06-18 02:00:00,18.117464,0.0,0.0,18.117464,18.11746364094509
2024-06-18 03:00:00,17.839322,0.0,0.0,17.839322,17.83932178238316
2024-06-18 04:00:00,21.911536,0.0,0.0,21.911536,21.91153552790176
2024-06-18 05:00:00,26.124151,0.0,0.0,26.124151,26.12415084959161
2024-06-18 06:00:00,18.743182,0.0,0.0,18.743182,18.743181569112693
2024-06-18 07:00:00,17.467901,0.0,0.0,17.467901,17.467901302353177
2024-06-18 08:00:00,11.508269,0.0,0.0,11.508269,11.508269216283168
2024-06-18 09:00:00,7.9785659,0.0,0.0,7.9785659,7.978565939000738
2024-06-18 10:00:00,2.2230131,0.0,0.0,2.2230131,2.2230130831396266
2024-06-18 11:00:00,2.598049,0.0,0.0,2.598049,2.5980490345289198
2024-06-18 12:00:00,9.4508501,0.0,0.0,9.4508501,9.450850129115722
2024-06-18 13:00:00,0.0,0.0,0.0,0.0,0.0
2024-06-18 14:00:00,0.0,0.0,0.0,0.0,0.0
2024-06-18 15:00:00,0.0,0.0,0.0,0.0,0.0
2024-06-18 16:00:00,1.5099854,0.0,0.0,1.5099854,1.5099854465217248
2024-06-18 17:00:00,8.2199325,0.0,0.0,8.2199325,8.219932485856795
2024-06-18 18:00:00,12.451132,0.0,0.0,12.451132,12.451131941858662
2024-06-18 19:00:00,15.911706,0.0,0.0,15.911706,15.911706050867988
2024-06-18 20:00:00,18.483135,0.0,0.0,18.483135,18.483135351487253
2024-06-18 21:00:00,25.589241,0.0,0.0,25.589241,25.58924120238988
2024-06-18 22:00:00,21.368116,0.0,0.0,21.368116,21.368116279398226
2024-06-18 23:00:00,22.051792,0.0,0.0,22.051792,22.051791594850418
2024-06-19 00:00:00,20.144112,0.0,0.0,20.144112,20.144111761077728
2024-06-19 01:00:00,17.253641,0.0,0.0,17.253641,17.253641261228704
2024-06-19 02:00:00,21.733187,0.0,0.0,21.733187,21.733187224462046
2024-06-19 03:00:00,20.432245,0.0,0.0,20.432245,20.432244892942517
2024-06-19 04:00:00,22.128082,0.0,0.0,22.128082,22.128081830574192
2024-06-19 05:00:00,23.395371,0.0,0.0,23.395371,23.395371383065466
2024-06-19 06:00:00,16.675869,0.0,0.0,16.675869,16.67586853313705
2024-06-19 07:00:00,11.507664,0.0,0.0,11.507664,11.507664042787887
2024-06-19 08:00:00,4.6232012,0.0,0.0,4.6232012,4.623201207873876
2024-06-19 09:00:00,3.7567354,0.0,0.0,3.7567354,3.756735412710576
2024-06-19 10:00:00,0.83810698,0.0,0.0,0.83810698,0.8381069813092807
2024-06-19 11:00:00,0.0,0.0,0.0,0.0,0.0
2024-06-19 12:00:00,0.0,0.0,0.0,0.0,0.0
2024-06-19 13:00:00,0.0,0.0,0.0,0.0,0.0
2024-06-19 14:00:00,13.839555,0.0,0.0,13.839555,13.839554507831295
2024-06-19 15:00:00,8.6988125,0.0,0.0,8.6988125,8.698812481773277
2024-06-19 16:00:00,1.1831638,0.0,0.0,1.1831638,1.1831638323802878
2024-06-19 17:00:00,3.8374392,0.0,0.0,3.8374392,3.83743922185295
2024-06-19 18:00:00,4.8365862,0.0,0.0,4.8365862,4.8365861892926425
2024-06-19 19:00:00,11.388992,0.0,0.0,11.388992,11.388992222814949
2024-06-19 20:00:00,21.870713,0.0,0.0,21.870713,21.87071328016033
2024-06-19 21:00:00,28.115471,0.0,0.0,28.115471,28.115470793580627
2024-06-19 22:00:00,23.033004,0.0,0.0,23.033004,23.033003890833697
2024-06-19 23:00:00,21.580032,0.0,0.0,21.580032,21.580031852131228
2024-06-20 00:00:00,21.955102,0.0,0.0,21.955102,21.955101973308896
2024-06-20 01:00:00,18.731508,0.0,0.0,18.731508,18.731508450848978
2024-06-20 02:00:00,20.840347,0.0,0.0,20.840347,20.8403472960367
2024-06-20 03:00:00,21.300952,0.0,0.0,21.300952,21.30095169022483
2024-06-20 04:00:00,23.399795,0.0,0.0,23.399795,23.399794505320855
2024-06-20 05:00:00,23.749947,0.0,0.0,23.749947,23.749946791075892
2024-06-20 06:00:00,15.517502,0.0,0.0,15.517502,15.51750182051567
2024-06-20 07:00:00,11.526546,0.0,0.0,11.526546,11.526546149443314
2024-06-20 08:00:00,6.4620291,0.0,0.0,6.4620291,6.462029083646879
2024-06-20 09:00:00,0.0,0.0,0.0,0.0,0.0
2024-06-20 10:00:00,0.0,0.0,0.0,0.0,0.0
2024-06-20 11:00:00,2.9913807,0.0,0.0,2.9913807,2.99138069374456
2024-06-20 12:00:00,1.8246081,0.0,0.0,1.8246081,1.8246081495379443
2024-06-20 13:00:00,0.0,0.0,0.0,0.0,0.0
2024-06-20 14:00:00,6.0941334,0.0,0.0,6.0941334,6.094133370359344
2024-06-20 15:00:00,3.0345156,0.0,0.0,3.0345156,3.0345155768830097
2024-06-20 16:00:00,0.0,0.0,0.0,0.0,0.0
2024-06-20 17:00:00,7.3865661,0.0,0.0,7.3865661,7.386566145512042
2024-06-20 18:00:00,15.548474,0.0,0.0,15.548474,15.548473703947867
2024-06-20 19:00:00,17.175498,0.0,0.0,17.175498,17.17549800059551
2024-06-20 20:00:00,19.253071,0.0,0.0,19.253071,19.253070747269902
2024-06-20 21:00:00,23.287093,0.0,0.0,23.287093,23.287092660786392
2024-06-20 22:00:00,22.938441,0.0,0.0,22.938441,22.93844078167793
2024-06-20 23:00:00,25.236257,0.0,0.0,25.236257,25.236256552049362
2024-06-21 00:00:00,20.675361,0.0,0.0,20.675361,20.675361351047233
2024-06-21 01:00:00,22.149822,0.0,0.0,22.149822,22.14982175990926
2024-06-21 02:00:00,20.478022,0.0,0.0,20.478022,20.47802200436913
2024-06-21 03:00:00,22.210912,0.0,0.0,22.210912,22.210911605150308
2024-06-21 04:00:00,22.843757,0.0,0.0,22.843757,22.843757396545488
2024-06-21 05:00:00,24.744389,0.0,0.0,24.744389,24.744388628253695
2024-06-21 06:00:00,16.643708,0.0,0.0,16.643708,16.64370791440437
2024-06-21 07:00:00,11.51128,0.0,0.0,11.51128,11.51128042018184
2024-06-21 08:00:00,13.955756,0.0,0.0,13.955756,13.95575618521103
2024-06-21 09:00:00,5.4915733,0.0,0.0,5.4915733,5.491573259295265
2024-06-21 10:00:00,5.7664418,0.0,0.0,5.7664418,5.766441840237292
2024-06-21 11:00:00,0.0,0.0,0.0,0.0,0.0
2024-06-21 12:00:00,0.0,0.0,0.0,0.0,0.0
2024-06-21 13:00:00,0.0,0.0,0.0,0.0,0.0
2024-06-21 14:00:00,0.0,0.0,0.0,0.0,0.0
2024-06-21 15:00:00,0.0,0.0,0.0,0.0,0.0
2024-06-21 16:00:00,0.0,0.0,0.0,0.0,0.0
2024-06-21 17:00:00,0.0,0.0,0.0,0.0,0.0
2024-06-21 18:00:00,1.8234608,0.0,0.0,1.8234608,1.8234608073591119
2024-06-21 19:00:00,13.606361,0.0,0.0,13.606361,13.606361255205336
2024-06-21 20:00:00,20.640531,0.0,0.0,20.640531,20.640530860295506
2024-06-21 21:00:00,26.342777,0.0,0.0,26.342777,26.34277747295753
2024-06-21 22:00:00,21.849712,0.0,0.0,21.849712,21.84971183820734
2024-06-21 23:00:00,19.085991,0.0,0.0,19.085991,19.08599077809427
2024-06-22 00:00:00,13.859874,0.0,0.0,13.859874,13.859874306635913
2024-06-22 01:00:00,17.184757,0.0,0.0,17.184757,17.184756738101047
2024-06-22 02:00:00,21.93729,0.0,0.0,21.93729,21.937290081769493
2024-06-22 03:00:00,19.858098,0.0,0.0,19.858098,19.858097773135523
2024-06-22 04:00:00,19.796681,0.0,0.0,19.796681,19.79668054024684
2024-06-22 05:00:00,23.19762,0.0,0.0,23.19762,23.19762031425046
2024-06-22 06:00:00,12.788149,0.0,0.0,12.788149,12.788149064889858
2024-06-22 07:00:00,7.4198433,0.0,0.0,7.4198433,7.41984333769906
2024-06-22 08:00:00,1.700076,0.0,0.0,1.700076,1.7000759644661905
2024-06-22 09:00:00,0.0,0.0,0.0,0.0,0.0
2024-06-22 10:00:00,0.0,0.0,0.0,0.0,0.0
2024-06-22 11:00:00,0.0,0.0,0.0,0.0,0.0
2024-06-22 12:00:00,0.0,0.0,0.0,0.0,0.0
2024-06-22 13:00:00,0.0,0.0,0.0,0.0,0.0
2024-06-22 14:00:00,0.0,0.0,0.0,0.0,0.0
2024-06-22 15:00:00,3.7034203,0.0,0.0,3.7034203,3.703420302088361
2024-06-22 16:00:00,0.35731929,0.0,0.0,0.35731929,0.3573192854440954
2024-06-22 17:00:00,0.0,0.0,0.0,0.0,0.0
2024-06-22 18:00:00,11.606452,0.0,0.0,11.606452,11.606451829124655
2024-06-22 19:00:00,8.0402095,0.0,0.0,8.0402095,8.040209546240288
2024-06-22 20:00:00,19.101661,0.0,0.0,19.101661,19.10166051009358
2024-06-22 21:00:00,21.836196,0.0,0.0,21.836196,21.83619643216172
2024-06-22 22:00:00,22.818607,0.0,0.0,22.818607,22.81860733372714
2024-06-22 23:00:00,19.403,0.0,0.0,19.403,19.40300009114823
2024-06-23 00:00:00,18.694011,0.0,0.0,18.694011,18.694010798382433
2024-06-23 01:00:00,20.347077,0.0,0.0,20.347077,20.347077032504856
2024-06-23 02:00:00,17.764012,0.0,0.0,17.764012,17.764011847232133
2024-06-23 03:00:00,17.794088,0.0,0.0,17.794088,17.794088222052615
2024-06-23 04:00:00,19.963193,0.0,0.0,19.963193,19.963192657278544
2024-06-23 05:00:00,23.178501,0.0,0.0,23.178501,23.17850092596471
2024-06-23 06:00:00,12.567474,0.0,0.0,12.567474,12.567473885000132
2024-06-23 07:00:00,8.9264753,0.0,0.0,8.9264753,8.926475341942385
2024-06-23 08:00:00,5.5710487,0.0,0.0,5.5710487,5.571048704121996
2024-06-23 09:00:00,0.5622919,0.0,0.0,0.5622919,0.5622918982765981
2024-06-23 10:00:00,0.24019433,0.0,0.0,0.24019433,0.24019432548906394
2024-06-23 11:00:00,0.0,0.0,0.0,0.0,0.0
2024-06-23 12:00:00,0.0,0.0,0.0,0.0,0.0
2024-06-23 13:00:00,0.0,0.0,0.0,0.0,0.0
2024-06-23 14:00:00,0.0,0.0,0.0,0.0,0.0
2024-06-23 15:00:00,0.0,0.0,0.0,0.0,0.0
2024-06-23 16:00:00,0.0,0.0,0.0,0.0,0.0
2024-06-23 17:00:00,0.0,0.0,0.0,0.0,0.0
2024-06-23 18:00:00,1.8559421,0.0,0.0,1.8559421,1.8559421158725051
2024-06-23 19:00:00,9.4207349,0.0,0.0,9.4207349,9.420734892313547
2024-06-23 20:00:00,17.526442,0.0,0.0,17.526442,17.52644177159081
2024-06-23 21:00:00,23.493999,0.0,0.0,23.493999,23.493998955578224
2024-06-23 22:00:00,21.213596,0.0,0.0,21.213596,21.213595875805225
2024-06-23 23:00:00,20.040572,0.0,0.0,20.040572,20.04057153006695
2024-06-24 00:00:00,20.785369,0.0,0.0,20.785369,20.78536873832231
2024-06-24 01:00:00,23.05261,0.0,0.0,23.05261,23.052609954096603
2024-06-24 02:00:00,20.2101,0.0,0.0,20.2101,20.210100480530553
2024-06-24 03:00:00,20.879121,0.0,0.0,20.879121,20.87912113465375
2024-06-24 04:00:00,21.798641,0.0,0.0,21.798641,21.798640817598457
2024-06-24 05:00:00,23.451606,0.0,0.0,23.451606,23.451605994133246
2024-06-24 06:00:00,17.005221,0.0,0.0,17.005221,17.005220792006888
2024-06-24 07:00:00,10.57952,0.0,0.0,10.57952,10.579520369834675
2024-06-24 08:00:00,10.929121,0.0,0.0,10.929121,10.929120623196066
2024-06-24 09:00:00,0.14610363,0.0,0.0,0.14610363,0.14610363341920163
2024-06-24 10:00:00,0.0,0.0,0.0,0.0,0.0
2024-06-24 11:00:00,0.0,0.0,0.0,0.0,0.0
2024-06-24 12:00:00,0.0,0.0,0.0,0.0,0.0
2024-06-24 13:00:00,0.0,0.0,0.0,0.0,0.0
2024-06-24 14:00:00,0.0,0.0,0.0,0.0,0.0
2024-06-24 15:00:00,0.0,0.0,0.0,0.0,0.0
2024-06-24 16:00:00,9.6776897,0.0,0.0,9.6776897,9.67768970373288
2024-06-24 17:00:00,6.2828201,0.0,0.0,6.2828201,6.282820127367291
2024-06-24 18:00:00,5.44982,0.0,0.0,5.44982,5.449820046914642
2024-06-24 19:00:00,11.303251,0.0,0.0,11.303251,11.303250822422228
2024-06-24 20:00:00,18.377394,0.0,0.0,18.377394,18.377394187537448
2024-06-24 21:00:00,23.650458,0.0,0.0,23.650458,23.650457820268365
2024-06-24 22:00:00,23.213697,0.0,0.0,23.213697,23.213697277390693
2024-06-24 23:00:00,19.157512,0.0,0.0,19.157512,19.157512234268932
2024-06-25 00:00:00,22.345021,0.0,0.0,22.345021,22.345020887127575
2024-06-25 01:00:00,21.871925,0.0,0.0,21.871925,21.87192497758915
2024-06-25 02:00:00,19.961966,0.0,0.0,19.961966,19.96196573565487
2024-06-25 03:00:00,21.884927,0.0,0.0,21.884927,21.884927468914224
2024-06-25 04:00:00,19.314049,0.0,0.0,19.314049,19.314049239434713
2024-06-25 05:00:00,23.265479,0.0,0.0,23.265479,23.265478509602
2024-06-25 06:00:00,18.792403,0.0,0.0,18.792403,18.792402861721662
2024-06-25 07:00:00,12.669129,0.0,0.0,12.669129,12.66912853576246
2024-06-25 08:00:00,7.4840561,0.0,0.0,7.4840561,7.484056057158082
2024-06-25 09:00:00,2.6406057,0.0,0.0,2.6406057,2.640605736794619
2024-06-25 10:00:00,0.0,0.0,0.0,0.0,0.0
2024-06-25 11:00:00,2.1016607,0.0,0.0,2.1016607,2.1016606740214243
2024-06-25 12:00:00,0.0,0.0,0.0,0.0,0.0
2024-06-25 13:00:00,0.0,0.0,0.0,0.0,0.0
2024-06-25 14:00:00,0.0,0.0,0.0,0.0,0.0
2024-06-25 15:00:00,1.357049,0.0,0.0,1.357049,1.3570489931472594
2024-06-25 16:00:00,0.0,0.0,0.0,0.0,0.0
2024-06-25 17:00:00,1.9861473,0.0,0.0,1.9861473,1.9861472610289752
2024-06-25 18:00:00,7.2128061,0.0,0.0,7.2128061,7.212806124075115
2024-06-25 19:00:00,16.12715,0.0,0.0,16.12715,16.127150325875334
2024-06-25 20:00:00,17.495607,0.0,0.0,17.495607,17.495607262069075
2024-06-25 21:00:00,26.218902,0.0,0.0,26.218902,26.218901931630466
2024-06-25 22:00:00,23.291422,0.0,0.0,23.291422,23.291421767865785
2024-06-25 23:00:00,18.677303,0.0,0.0,18.677303,18.677302872692422
2024-06-26 00:00:00,21.113857,0.0,0.0,21.113857,21.113857341460534
2024-06-26 01:00:00,19.133692,0.0,0.0,19.133692,19.133691668966524
2024-06-26 02:00:00,22.252413,0.0,0.0,22.252413,22.252412562521176
2024-06-26 03:00:00,20.398365,0.0,0.0,20.398365,20.398364657500235
2024-06-26 04:00:00,21.974009,0.0,0.0,21.974009,21.97400926348117
2024-06-26 05:00:00,25.811697,0.0,0.0,25.811697,25.811697416206798
2024-06-26 06:00:00,20.134033,0.0,0.0,20.134033,20.13403296041271
2024-06-26 07:00:00,11.537977,0.0,0.0,11.537977,11.537977427649817
2024-06-26 08:00:00,4.6863136,0.0,0.0,4.6863136,4.68631358614746
2024-06-26 09:00:00,7.1861765,0.0,0.0,7.1861765,7.186176504036485
2024-06-26 10:00:00,0.0,0.0,0.0,0.0,0.0
2024-06-26 11:00:00,0.0,0.0,0.0,0.0,0.0
2024-06-26 12:00:00,0.0,0.0,0.0,0.0,0.0
2024-06-26 13:00:00,0.0,0.0,0.0,0.0,0.0
2024-06-26 14:00:00,0.0,0.0,0.0,0.0,0.0
2024-06-26 15:00:00,5.5357498,0.0,0.0,5.5357498,5.535749826939728
2024-06-26 16:00:00,3.1228867,0.0,0.0,3.1228867,3.122886677788941
2024-06-26 17:00:00,6.3846121,0.0,0.0,6.3846121,6.3846120524917325
2024-06-26 18:00:00,15.74251,0.0,0.0,15.74251,15.74251005642084
2024-06-26 19:00:00,14.492572,0.0,0.0,14.492572,14.492572478501224
2024-06-26 20:00:00,17.051818,0.0,0.0,17.051818,17.051818049106956
2024-06-26 21:00:00,25.048162,0.0,0.0,25.048162,25.0481615109564
2024-06-26 22:00:00,23.332302,0.0,0.0,23.332302,23.33230235965243
2024-06-26 23:00:00,20.410247,0.0,0.0,20.410247,20.410247060962693
2024-06-27 00:00:00,21.047446,0.0,0.0,21.047446,21.047446177209213
2024-06-27 01:00:00,19.199821,0.0,0.0,19.199821,19.199821479252915
2024-06-27 02:00:00,19.723284,0.0,0.0,19.723284,19.723284253785003
2024-06-27 03:00:00,23.38371,0.0,0.0,23.38371,23.383709921860625
2024-06-27 04:00:00,21.368053,0.0,0.0,21.368053,21.368053109365874
2024-06-27 05:00:00,21.38083,0.0,0.0,21.38083,21.380829503605764
2024-06-27 06:00:00,20.958932,0.0,0.0,20.958932,20.958931561659433
2024-06-27 07:00:00,18.297943,0.0,0.0,18.297943,18.29794287387282
2024-06-27 08:00:00,4.2017749,0.0,0.0,4.2017749,4.201774901871104
2024-06-27 09:00:00,2.5168938,0.0,0.0,2.5168938,2.516893812714958
2024-06-27 10:00:00,9.6096606,0.0,0.0,9.6096606,9.609660614702253
2024-06-27 11:00:00,0.21503903,0.0,0.0,0.21503903,0.2150390297609306
2024-06-27 12:00:00,0.0,0.0,0.0,0.0,0.0
2024-06-27 13:00:00,0.0,0.0,0.0,0.0,0.0
2024-06-27 14:00:00,0.0,0.0,0.0,0.0,0.0
2024-06-27 15:00:00,0.0,0.0,0.0,0.0,0.0
2024-06-27 16:00:00,0.0,0.0,0.0,0.0,0.0
2024-06-27 17:00:00,8.8624557,0.0,0.0,8.8624557,8.862455650439319
2024-06-27 18:00:00,7.8887063,0.0,0.0,7.8887063,7.888706272963947
2024-06-27 19:00:00,15.420095,0.0,0.0,15.420095,15.420095196261391
2024-06-27 20:00:00,17.888108,0.0,0.0,17.888108,17.888107664071626
2024-06-27 21:00:00,24.786995,0.0,0.0,24.786995,24.786995178388718
2024-06-27 22:00:00,23.851817,0.0,0.0,23.851817,23.85181733858737
2024-06-27 23:00:00,18.743739,0.0,0.0,18.743739,18.743738553894786
2024-06-28 00:00:00,20.587328,0.0,0.0,20.587328,20.587327791575273
2024-06-28 01:00:00,19.414304,0.0,0.0,19.414304,19.414304075805784
2024-06-28 02:00:00,23.112479,0.0,0.0,23.112479,23.112479256543388
2024-06-28 03:00:00,21.078487,0.0,0.0,21.078487,21.078486861448177
2024-06-28 04:00:00,25.430764,0.0,0.0,25.430764,25.430763604813805
2024-06-28 05:00:00,23.344389,0.0,0.0,23.344389,23.34438895332699
2024-06-28 06:00:00,19.933455,0.0,0.0,19.933455,19.93345524285357
2024-06-28 07:00:00,14.974652,0.0,0.0,14.974652,14.974652399958739
2024-06-28 08:00:00,9.414136,0.0,0.0,9.414136,9.41413602455643
2024-06-28 09:00:00,5.8230773,0.0,0.0,5.8230773,5.823077272318571
2024-06-28 10:00:00,4.8370966,0.0,0.0,4.8370966,4.83709663242842
2024-06-28 11:00:00,6.8914386,0.0,0.0,6.8914386,6.891438558214176
2024-06-28 12:00:00,2.4544007,0.0,0.0,2.4544007,2.4544007186145294
2024-06-28 13:00:00,0.0,0.0,0.0,0.0,0.0
2024-06-28 14:00:00,0.0,0.0,0.0,0.0,0.0
2024-06-28 15:00:00,0.0,0.0,0.0,0.0,0.0
2024-06-28 16:00:00,0.0,0.0,0.0,0.0,0.0
2024-06-28 17:00:00,2.6460334,0.0,0.0,2.6460334,2.6460333635620223
2024-06-28 18:00:00,10.603222,0.0,0.0,10.603222,10.60322205026526
2024-06-28 19:00:00,11.886775,0.0,0.0,11.886775,11.886775292653663
2024-06-28 20:00:00,18.690701,0.0,0.0,18.690701,18.690700959672036
2024-06-28 21:00:00,21.152883,0.0,0.0,21.152883,21.152883487269147
2024-06-28 22:00:00,24.106198,0.0,0.0,24.106198,24.10619824304673
2024-06-28 23:00:00,21.748301,0.0,0.0,21.748301,21.748300595066976
2024-06-29 00:00:00,17.235855,0.0,0.0,17.235855,17.235855327343664
2024-06-29 01:00:00,16.024755,0.0,0.0,16.024755,16.024754683412638
2024-06-29 02:00:00,19.560379,0.0,0.0,19.560379,19.560379407869895
2024-06-29 03:00:00,19.729797,0.0,0.0,19.729797,19.729797299780696
2024-06-29 04:00:00,24.209942,0.0,0.0,24.209942,24.209942393347184
2024-06-29 05:00:00,23.130283,0.0,0.0,23.130283,23.130282898087405
2024-06-29 06:00:00,17.877649,0.0,0.0,17.877649,17.87764933179696
2024-06-29 07:00:00,7.7253394,0.0,0.0,7.7253394,7.7253394493280965
2024-06-29 08:00:00,11.576973,0.0,0.0,11.576973,11.576973457899332
2024-06-29 09:00:00,1.8921692,0.0,0.0,1.8921692,1.89216921844746
2024-06-29 10:00:00,0.0,0.0,0.0,0.0,0.0
2024-06-29 11:00:00,0.0,0.0,0.0,0.0,0.0
2024-06-29 12:00:00,0.0,0.0,0.0,0.0,0.0
2024-06-29 13:00:00,0.0,0.0,0.0,0.0,0.0
2024-06-29 14:00:00,0.0,0.0,0.0,0.0,0.0
2024-06-29 15:00:00,2.5409834,0.0,0.0,2.5409834,2.540983390962751
2024-06-29 16:00:00,0.0,0.0,0.0,0.0,0.0
2024-06-29 17:00:00,3.8692542,0.0,0.0,3.8692542,3.8692542145119333
2024-06-29 18:00:00,5.4848528,0.0,0.0,5.4848528,5.484852848838244
2024-06-29 19:00:00,15.963865,0.0,0.0,15.963865,15.963864928926052
2024-06-29 20:00:00,16.344193,0.0,0.0,16.344193,16.344192972980714
2024-06-29 21:00:00,19.122334,0.0,0.0,19.122334,19.12233406407143
2024-06-29 22:00:00,19.395981,0.0,0.0,19.395981,19.395981398945732
2024-06-29 23:00:00,18.032147,0.0,0.0,18.032147,18.032146864997884
2024-06-30 00:00:00,14.826134,0.0,0.0,14.826134,14.826133544819172
2024-06-30 01:00:00,16.554542,0.0,0.0,16.554542,16.554542333446793
2024-06-30 02:00:00,16.933933,0.0,0.0,16.933933,16.933933389629498
2024-06-30 03:00:00,18.904114,0.0,0.0,18.904114,18.904114384161808
2024-06-30 04:00:00,22.305488,0.0,0.0,22.305488,22.30548780681147
2024-06-30 05:00:00,22.132409,0.0,0.0,22.132409,22.132409023213945
2024-06-30 06:00:00,15.843616,0.0,0.0,15.843616,15.843615746116026
2024-06-30 07:00:00,14.953348,0.0,0.0,14.953348,14.953347521215496
2024-06-30 08:00:00,9.4717833,0.0,0.0,9.4717833,9.471783304821077
2024-06-30 09:00:00,0.0,0.0,0.0,0.0,0.0
2024-06-30 10:00:00,3.1321917,0.0,0.0,3.1321917,3.1321917132385657
2024-06-30 11:00:00,4.0941409,0.0,0.0,4.0941409,4.094140917521514
2024-06-30 12:00:00,0.31233637,0.0,0.0,0.31233637,0.3123363749240724
2024-06-30 13:00:00,1.7809269,0.0,0.0,1.7809269,1.7809269486720396
2024-06-30 14:00:00,0.0,0.0,0.0,0.0,0.0
2024-06-30 15:00:00,0.0,0.0,0.0,0.0,0.0
2024-06-30 16:00:00,0.0,0.0,0.0,0.0,0.0
2024-06-30 17:00:00,0.0,0.0,0.0,0.0,0.0
2024-06-30 18:00:00,7.7674407,0.0,0.0,7.7674407,7.767440729493636
2024-06-30 19:00:00,9.8060715,0.0,0.0,9.8060715,9.806071507451579
2024-06-30 20:00:00,14.072463,0.0,0.0,14.072463,14.07246290820193
2024-06-30 21:00:00,23.528624,0.0,0.0,23.528624,23.528623552911988
2024-06-30 22:00:00,20.10961,0.0,0.0,20.10961,20.109610395994107
2024-06-30 23:00:00,17.672351,0.0,0.0,17.672351,17.67235094346906
